dyad_id,filename,participant,mean,std,max_absolute,p95,p99,n_above_threshold,n_nan,n_inf
J1,J1_E000_C1_YF_S6_5A15.npy,P1,-5.283993699420042e-07,1.1676220608419498e-05,0.0001599206734681502,2.1665417352778585e-05,3.256407606386327e-05,0,0,0
J1,J1_E000_C1_YF_S6_5A15.npy,P2,-1.675246590720999e-07,2.566140300692172e-05,0.00022468836687039584,5.246229102340288e-05,0.00010097919192048707,0,0,0
J1,J1_E001_C1_YF_S6_25A35.npy,P1,8.482815248827098e-08,9.993636311235526e-06,0.00012537016300484538,1.8445030764269174e-05,2.8725959855364482e-05,0,0,0
J1,J1_E001_C1_YF_S6_25A35.npy,P2,1.3079216719243206e-07,1.778277217933362e-05,0.00020523465354926884,3.4259949643455905e-05,6.346710688376316e-05,0,0,0
J1,J1_E002_C2_YO_S7_5A15.npy,P1,-4.28288858364327e-07,1.8195640366926374e-05,0.00016002105257939547,3.6638225719798284e-05,5.636521873384469e-05,0,0,0
J1,J1_E002_C2_YO_S7_5A15.npy,P2,-6.045767225431168e-07,0.00010688106826751277,0.003544328734278679,8.306887903017921e-05,0.0002269645656633654,0,0,0
J1,J1_E003_C2_YO_S7_25A35.npy,P1,4.3207677701412115e-07,1.2029106997032988e-05,0.00016673961363267154,2.1831951653439298e-05,3.4534053411334713e-05,0,0,0
J1,J1_E003_C2_YO_S7_25A35.npy,P2,-1.117873783082541e-07,1.65291813376496e-05,0.00020619646238628775,3.073717762163139e-05,6.381744002283081e-05,0,0,0
J1,J1_E004_C3_YF_S11_5A15.npy,P1,-9.376843009208002e-07,1.3456691458887607e-05,8.220534800784662e-05,2.6070568583236306e-05,3.820952948444755e-05,0,0,0
J1,J1_E004_C3_YF_S11_5A15.npy,P2,-8.264306403005429e-08,3.7601858758474136e-05,0.0004786821373272687,4.348278671386652e-05,0.0002075850279652498,0,0,0
J1,J1_E005_C3_YO_S11_25A35.npy,P1,2.705861955624055e-07,1.3494675777005162e-05,0.0001512164599262178,2.4797781770757847e-05,4.2084273081854864e-05,0,0,0
J1,J1_E005_C3_YO_S11_25A35.npy,P2,-2.7711747601911694e-07,3.611736604870182e-05,0.0004024779482278973,4.8489505024917884e-05,0.00019249685588874788,0,0,0
J1,J1_E006_C3_YF_S11_5A15.npy,P1,5.912532998874418e-08,1.2295133741757381e-05,6.605701491935179e-05,2.555128548920038e-05,3.608479459217046e-05,0,0,0
J1,J1_E006_C3_YF_S11_5A15.npy,P2,5.484046632821053e-07,3.26483254475283e-05,0.00039184471825137734,3.6868630922981537e-05,0.0001831479615066191,0,0,0
J1,J1_E007_C3_YO_S11_25A35.npy,P1,-7.376861008856351e-07,1.5937889558434485e-05,0.00017905009735841304,3.0394997611438154e-05,5.1381587109062736e-05,0,0,0
J1,J1_E007_C3_YO_S11_25A35.npy,P2,-6.468251945732917e-07,3.6977896838620487e-05,0.0004158805531915277,4.490187275223433e-05,0.00020378171117044802,0,0,0
J1,J1_E008_C3_YF_S11_5A15.npy,P1,-4.7267101758749876e-07,1.3438246740727133e-05,0.00013374064292293042,2.5567652573954537e-05,4.559402172162656e-05,0,0,0
J1,J1_E008_C3_YF_S11_5A15.npy,P2,-3.359252856279672e-07,2.8979046223905137e-05,0.0003075325512327254,3.73251186829293e-05,0.0001568527160270604,0,0,0
J1,J1_E009_C3_YO_S11_25A35.npy,P1,-2.4148615295538073e-07,1.5116172073746367e-05,0.00018593539425637573,2.7809033872472336e-05,4.9351139350619615e-05,0,0,0
J1,J1_E009_C3_YO_S11_25A35.npy,P2,3.8373373208065977e-07,3.531676989968116e-05,0.0003700744127854705,4.597589304466964e-05,0.0001993349590338756,0,0,0
J1,J1_E010_C3_YF_S11_5A15.npy,P1,8.452928900427851e-08,1.2159386297181676e-05,8.623448957223445e-05,2.4003447833820243e-05,3.77796778775518e-05,0,0,0
J1,J1_E010_C3_YF_S11_5A15.npy,P2,2.8381527719254093e-08,2.31818683664847e-05,0.00024385502911172807,3.6000779982714444e-05,0.00010336848310544141,0,0,0
J1,J1_E011_C3_YO_S11_25A35.npy,P1,-8.192907698503155e-07,1.506871470887248e-05,0.00015412297216244042,2.925181979662738e-05,4.932581850880509e-05,0,0,0
J1,J1_E011_C3_YO_S11_25A35.npy,P2,1.6568448808596216e-07,3.0087513226243607e-05,0.00042902593850158155,4.244303563609714e-05,0.0001553797880478666,0,0,0
J1,J1_E012_C3_YF_S11_5A15.npy,P1,2.8440834061884646e-07,1.1674710633531343e-05,6.62129677948542e-05,2.2930807608645404e-05,3.215768396330529e-05,0,0,0
J1,J1_E012_C3_YF_S11_5A15.npy,P2,-4.019429104532946e-07,3.752849652938035e-05,0.0004265222523827106,4.116699983569557e-05,0.00020622085634386148,0,0,0
J1,J1_E013_C3_YO_S11_25A35.npy,P1,8.553109671580902e-07,1.3158896608869662e-05,0.00016137227066792548,2.4689260862942308e-05,4.062437888933328e-05,0,0,0
J1,J1_E013_C3_YO_S11_25A35.npy,P2,9.558064913659387e-08,4.077042570904436e-05,0.0005058106617070735,4.7853698924882295e-05,0.00023427460037055346,0,0,0
J1,J1_E014_C4_YF_S12_5A15.npy,P1,1.7921588332736014e-07,1.0893069011201602e-05,7.351734529947862e-05,2.1772536911157645e-05,3.1118997212615756e-05,0,0,0
J1,J1_E014_C4_YF_S12_5A15.npy,P2,-1.2773375258679052e-07,3.7761464866294404e-05,0.0006029732758179307,3.573179183149476e-05,0.00018135483405785547,0,0,0
J1,J1_E015_C4_YO_S12_25A35.npy,P1,-8.486974636267722e-07,1.4254141340747518e-05,0.0001415125298080966,2.6734981747722487e-05,4.370146536530226e-05,0,0,0
J1,J1_E015_C4_YO_S12_25A35.npy,P2,-1.239393948265715e-06,2.600642534279122e-05,0.00048613225226290524,3.220010712539078e-05,9.580347315932142e-05,0,0,0
J1,J1_E016_C4_YF_S12_5A15.npy,P1,-6.008177382380946e-07,1.1706646338245363e-05,9.273431351175532e-05,2.2147946856421173e-05,3.604472334700386e-05,0,0,0
J1,J1_E016_C4_YF_S12_5A15.npy,P2,2.4423565133270435e-07,3.4352180071007454e-05,0.0004993655602447689,3.621705018304055e-05,0.00017862980719655526,0,0,0
J1,J1_E017_C4_YO_S12_25A35.npy,P1,1.471862213485358e-07,1.3904571138427279e-05,0.00019142957171425223,2.5453773287154025e-05,4.384116098663051e-05,0,0,0
J1,J1_E017_C4_YO_S12_25A35.npy,P2,-1.9360375263666836e-07,2.165590677359081e-05,0.0002698144526220858,3.0585758759116267e-05,0.0001056348116253493,0,0,0
J1,J1_E018_C4_YF_S12_5A15.npy,P1,-3.860591002771299e-07,1.1421488980177532e-05,6.445178587455302e-05,2.2431709385273274e-05,3.3010246115736654e-05,0,0,0
J1,J1_E018_C4_YF_S12_5A15.npy,P2,1.3510130150293888e-07,1.8754900886009286e-05,0.00017129976185970008,3.6077610639040316e-05,6.622027714911353e-05,0,0,0
J1,J1_E019_C4_YO_S12_25A35.npy,P1,-2.3616549417116145e-07,1.684927794358154e-05,0.00018982580513693392,3.213785748812369e-05,5.359243707061957e-05,0,0,0
J1,J1_E019_C4_YO_S12_25A35.npy,P2,-3.6519182591335193e-07,1.899456241207335e-05,0.00022172887111082673,3.4597493868204756e-05,7.858649463742025e-05,0,0,0
J1,J1_E020_C4_YF_S12_5A15.npy,P1,-8.122339080868448e-09,1.3748572756883579e-05,8.03279981482774e-05,2.798498690026463e-05,4.170488031377317e-05,0,0,0
J1,J1_E020_C4_YF_S12_5A15.npy,P2,-4.317122677594845e-07,1.9697529667630503e-05,0.00021458948322106153,3.5304967241245315e-05,6.687209752271871e-05,0,0,0
J1,J1_E021_C4_YO_S12_25A35.npy,P1,-2.177520870107722e-07,1.7730192607650696e-05,0.0001563125551911071,3.267913853051138e-05,5.6766173365758264e-05,0,0,0
J1,J1_E021_C4_YO_S12_25A35.npy,P2,-2.4369991226157e-07,2.0418946696913838e-05,0.0002254481369163841,3.34155463860952e-05,9.45576297090155e-05,0,0,0
J1,J1_E022_C4_YF_S12_5A15.npy,P1,3.0605245533239886e-06,5.414942193094747e-05,0.0007683805888518691,7.841531842132098e-05,0.00027760771306929954,0,0,0
J1,J1_E022_C4_YF_S12_5A15.npy,P2,-2.0250437139835003e-07,1.7338786219365622e-05,0.0001294287503696978,3.4024006527033625e-05,5.500666273292143e-05,0,0,0
J1,J1_E023_C4_YO_S12_25A35.npy,P1,7.985197287047609e-07,2.05625629997906e-05,0.00019048024842049927,3.765578385355177e-05,7.820893340976896e-05,0,0,0
J1,J1_E023_C4_YO_S12_25A35.npy,P2,-9.57778285678403e-07,1.720732653885153e-05,0.00018343467672821134,3.361072213010628e-05,6.487168277089945e-05,0,0,0
J1,J1_E024_C4_YF_S12_5A15.npy,P1,6.133729262512322e-07,1.2037721609406821e-05,9.027482883539051e-05,2.4101193412207052e-05,3.3967614472203394e-05,0,0,0
J1,J1_E024_C4_YF_S12_5A15.npy,P2,1.9668266950560832e-07,1.866921975845208e-05,0.00013008120004087687,3.7216916643956205e-05,6.154161375889066e-05,0,0,0
J1,J1_E025_C4_YO_S12_25A35.npy,P1,1.5282878746817133e-07,1.574564844714307e-05,0.00019300430722068995,2.8467212086979994e-05,5.09924499419864e-05,0,0,0
J1,J1_E025_C4_YO_S12_25A35.npy,P2,-2.6355251644275674e-07,2.152255584588749e-05,0.00020346367091406137,4.2351597403467144e-05,9.010011905047564e-05,0,0,0
J1,J1_E026_C5_YF_S1_5A15.npy,P1,-2.341340640167856e-06,1.2286214331151504e-05,8.8981214503292e-05,2.519852578188873e-05,3.472281336144071e-05,0,0,0
J1,J1_E026_C5_YF_S1_5A15.npy,P2,-2.3290506844495244e-08,1.652765430615236e-05,0.0001535561605123803,3.178109327564012e-05,5.383292831538695e-05,0,0,0
J1,J1_E027_C5_YO_S1_25A35.npy,P1,-3.070304634566854e-07,1.9084223177176987e-05,0.00017691057291813195,3.878415991493963e-05,7.265100881340913e-05,0,0,0
J1,J1_E027_C5_YO_S1_25A35.npy,P2,1.583765655182823e-07,1.3987881085709074e-05,0.00016863198834471405,2.6851878465095057e-05,4.163092897215383e-05,0,0,0
J1,J1_E028_C5_YF_S1_5A15.npy,P1,6.062777728468424e-07,1.084190990406769e-05,0.00010625095455907285,2.1379930876719298e-05,2.9128218229743653e-05,0,0,0
J1,J1_E028_C5_YF_S1_5A15.npy,P2,1.850239360368544e-07,1.73217705582637e-05,0.00015253122546710074,3.4603340463945624e-05,5.380974904255692e-05,0,0,0
J1,J1_E029_C5_YO_S1_25A35.npy,P1,-2.459889993006898e-08,1.3568172737066087e-05,0.00017193400708492845,2.5193539840984104e-05,4.546233616565584e-05,0,0,0
J1,J1_E029_C5_YO_S1_25A35.npy,P2,-4.161566269792375e-07,1.6183761528702274e-05,0.00018156653095502406,3.136675732093863e-05,5.636376969050609e-05,0,0,0
J1,J1_E030_C5_YF_S1_5A15.npy,P1,-2.5524477667434317e-07,1.1338596960971607e-05,0.00010346889030188322,2.2455627822637297e-05,3.253269202104999e-05,0,0,0
J1,J1_E030_C5_YF_S1_5A15.npy,P2,6.15506671402128e-07,1.7073485616976533e-05,0.00018341538088861853,3.302874683868138e-05,5.478551043779573e-05,0,0,0
J1,J1_E031_C5_YO_S1_25A35.npy,P1,2.683542496629557e-07,1.1603334469658423e-05,0.00012935861013829708,2.1329733044694876e-05,3.229575282603017e-05,0,0,0
J1,J1_E031_C5_YO_S1_25A35.npy,P2,5.6686013491222235e-08,1.639958893984584e-05,0.0001685535826254636,3.126409883407176e-05,5.6100426954799127e-05,0,0,0
J1,J1_E032_C5_YF_S2_5A15.npy,P1,-1.260562135675922e-07,1.605611186869649e-05,0.00018153883866034448,3.242430593672906e-05,5.645255758281551e-05,0,0,0
J1,J1_E032_C5_YF_S2_5A15.npy,P2,-1.7514226482500308e-07,1.527839711813136e-05,0.00011626609921222553,3.077280307479668e-05,4.384666211990394e-05,0,0,0
J1,J1_E033_C5_YO_S2_25A35.npy,P1,3.568346987105751e-07,1.2417637201733355e-05,0.00013863254571333528,2.405551722404196e-05,3.482458410871891e-05,0,0,0
J1,J1_E033_C5_YO_S2_25A35.npy,P2,1.3564037443926935e-07,1.7350646758035767e-05,0.00019854203856084496,3.261670208303255e-05,5.954431700956772e-05,0,0,0
J1,J1_E034_C5_YF_S2_5A15.npy,P1,-2.631261970599191e-07,1.118659284607464e-05,6.090887472964823e-05,2.1901084983255716e-05,3.085426997131431e-05,0,0,0
J1,J1_E034_C5_YF_S2_5A15.npy,P2,-7.429112575456332e-07,1.6747433683968292e-05,0.00014318260946311057,3.419834338274085e-05,5.390541915403431e-05,0,0,0
J1,J1_E035_C5_YO_S2_25A35.npy,P1,-5.674617100140585e-07,1.3280089847467062e-05,0.00011240890307817608,2.669587884156499e-05,3.9640531831537326e-05,0,0,0
J1,J1_E035_C5_YO_S2_25A35.npy,P2,2.2515764232937192e-07,2.3299353208205158e-05,0.0003291914763394743,3.411178640817523e-05,7.699848356423718e-05,0,0,0
J1,J1_E036_C5_YF_S2_5A15.npy,P1,-4.7075315174978033e-07,1.2378825956986515e-05,8.940840780269355e-05,2.4423542708973345e-05,3.772336087422411e-05,0,0,0
J1,J1_E036_C5_YF_S2_5A15.npy,P2,5.56119751611611e-08,2.0640622105983277e-05,0.00046608728007413447,3.392637663637287e-05,5.7913593373086505e-05,0,0,0
J1,J1_E037_C5_YO_S2_25A35.npy,P1,5.883379306791797e-07,1.2434989827940688e-05,0.00014541101700160652,2.325276836927514e-05,3.554861243173945e-05,0,0,0
J1,J1_E037_C5_YO_S2_25A35.npy,P2,5.210493961111811e-07,1.7845936845188394e-05,0.0001840291079133749,3.32991798131843e-05,6.722321253619157e-05,0,0,0
J1,J1_E038_C2_YO_S7_5A15.npy,P1,1.1811086794643543e-07,1.38037541101794e-05,0.00016028326353989542,2.4250645674328538e-05,4.778469687153112e-05,0,0,0
J1,J1_E038_C2_YO_S7_5A15.npy,P2,5.501268593955064e-07,2.966184861343494e-05,0.0006946694920770824,4.2269890582247154e-05,0.0001254137267824258,0,0,0
J1,J1_E039_C2_YO_S7_25A35.npy,P1,-1.4394800040386045e-07,1.116153401283439e-05,0.0001533481408841908,2.0187534846627384e-05,3.1393554199894386e-05,0,0,0
J1,J1_E039_C2_YO_S7_25A35.npy,P2,4.4792978301828715e-07,1.6657091300924076e-05,0.00021351120085455477,2.9483417984010832e-05,5.863112779479664e-05,0,0,0
J1,J1_E040_C1_YF_S6_5A15.npy,P1,7.886694715534317e-07,1.848587286173891e-05,0.00015075711417011917,3.720838321896735e-05,6.618002713366873e-05,0,0,0
J1,J1_E040_C1_YF_S6_5A15.npy,P2,-1.4815121434280475e-06,5.661456675362637e-05,0.001824919949285686,7.232455027406104e-05,0.0001896733434114134,0,0,0
J1,J1_E041_C1_YF_S6_25A35.npy,P1,-2.2133548764933128e-07,1.581061785772441e-05,0.00018477502453606576,2.973600103359785e-05,5.101417194964591e-05,0,0,0
J1,J1_E041_C1_YF_S6_25A35.npy,P2,3.06297443264608e-07,1.620801614817724e-05,0.00013101064541842788,3.154274563712533e-05,4.877844559814524e-05,0,0,0
J10,J10_E000_C1_YF_S6_5A15.npy,P1,-1.8250718202615747e-07,9.769978046811863e-06,0.00016852086992003024,1.829905004342434e-05,3.33955505630001e-05,0,0,0
J10,J10_E000_C1_YF_S6_5A15.npy,P2,6.787300704344136e-07,1.857544353168024e-05,0.00022858423471916467,3.1749676236358926e-05,6.636195867031311e-05,0,0,0
J10,J10_E001_C1_YF_S6_25A35.npy,P1,3.385015860230479e-08,9.444034769092214e-06,0.00012780464021489024,1.7419117830286263e-05,3.560545173968413e-05,0,0,0
J10,J10_E001_C1_YF_S6_25A35.npy,P2,4.15714258579328e-07,1.4213797573271797e-05,0.00017588707851246,2.6119795893464457e-05,4.4920369145984224e-05,0,0,0
J10,J10_E002_C2_YO_S7_5A15.npy,P1,-4.058349613446599e-07,9.857900045596262e-06,0.00011833717144327238,1.9325150788063173e-05,3.392650138266617e-05,0,0,0
J10,J10_E002_C2_YO_S7_5A15.npy,P2,-1.1714836167029878e-07,1.5985289209028467e-05,0.00020648949430324137,2.7098533701064293e-05,5.6747777489362236e-05,0,0,0
J10,J10_E003_C2_YO_S7_25A35.npy,P1,8.327279803565457e-08,1.1434953254550758e-05,0.0001492845476604998,2.261072131659602e-05,3.895084741088794e-05,0,0,0
J10,J10_E003_C2_YO_S7_25A35.npy,P2,-2.793504837656657e-07,1.0038695567460725e-05,8.323622751049697e-05,1.9586245434766164e-05,2.73166264014435e-05,0,0,0
J10,J10_E004_C4_YF_S12_5A15.npy,P1,3.114523137335928e-09,1.0308056052495551e-05,8.877322397893295e-05,2.02018072741339e-05,3.165336762322109e-05,0,0,0
J10,J10_E004_C4_YF_S12_5A15.npy,P2,-1.1146361530158751e-07,1.4119569175970813e-05,6.967294029891491e-05,2.8665585341514073e-05,4.1555998614057885e-05,0,0,0
J10,J10_E005_C4_YO_S12_25A35.npy,P1,-7.025234659774667e-08,8.686549582221884e-06,0.00013384986959863454,1.6705383495718695e-05,2.866297809305247e-05,0,0,0
J10,J10_E005_C4_YO_S12_25A35.npy,P2,2.2421088332273404e-08,1.1573453543594851e-05,0.0002269762771902606,2.0010171283502132e-05,3.0282898351288167e-05,0,0,0
J10,J10_E006_C4_YF_S12_5A15.npy,P1,1.3495260001793332e-06,1.1296413667113545e-05,0.0001043445008690469,2.23798529987107e-05,3.6752371888724124e-05,0,0,0
J10,J10_E006_C4_YF_S12_5A15.npy,P2,5.923691517246113e-07,1.5730889802195118e-05,9.831180068431422e-05,3.1406510424858423e-05,4.4943351749679785e-05,0,0,0
J10,J10_E007_C4_YO_S12_25A35.npy,P1,1.5324875730441985e-08,8.55948240869925e-06,0.00010272396320942789,1.6451884039270193e-05,2.7140519596286943e-05,0,0,0
J10,J10_E007_C4_YO_S12_25A35.npy,P2,-5.287262005114385e-07,1.2387846411641346e-05,0.00021460163407027721,2.2012521003489376e-05,3.6186815850669515e-05,0,0,0
J10,J10_E008_C4_YF_S12_5A15.npy,P1,-6.476115613996512e-08,1.0295385684595965e-05,8.551409700885415e-05,2.0044096254423492e-05,3.087508430326122e-05,0,0,0
J10,J10_E008_C4_YF_S12_5A15.npy,P2,-2.6349647206273746e-07,1.5277700838336553e-05,0.0001007995379040949,3.066294975724304e-05,4.342092797742219e-05,0,0,0
J10,J10_E009_C4_YO_S12_25A35.npy,P1,2.0801936683813308e-07,9.705133635132087e-06,0.00013458066678140312,1.7950616347661686e-05,3.3581727111595654e-05,0,0,0
J10,J10_E009_C4_YO_S12_25A35.npy,P2,4.4795489731897086e-07,1.2888404079951724e-05,0.00023829091514926404,2.1527474018512253e-05,3.686937066959216e-05,0,0,0
J10,J10_E010_C4_YF_S12_5A15.npy,P1,-1.471134476298139e-08,2.1021875396478804e-05,0.00021838473912794143,3.953634677600348e-05,9.027434993186019e-05,0,0,0
J10,J10_E010_C4_YF_S12_5A15.npy,P2,2.089963643439405e-07,1.845647844475093e-05,9.003093146020547e-05,3.7585937934636595e-05,5.4046894983912275e-05,0,0,0
J10,J10_E011_C4_YO_S12_25A35.npy,P1,2.867230060052088e-09,9.137949005952956e-06,0.00013140312512405217,1.7286804359173387e-05,2.968856806546676e-05,0,0,0
J10,J10_E011_C4_YO_S12_25A35.npy,P2,-1.7372582625599044e-07,1.0842202511676725e-05,0.00013350602239370346,2.0325711739133104e-05,3.14618193078786e-05,0,0,0
J10,J10_E012_C4_YF_S12_5A15.npy,P1,-8.156616574744933e-08,1.0111542505283391e-05,7.988083234522492e-05,1.9622682157205414e-05,3.054708162380841e-05,0,0,0
J10,J10_E012_C4_YF_S12_5A15.npy,P2,-4.064337470745522e-08,1.772614095534014e-05,0.0001715822290861979,3.54613272065762e-05,5.125132320245019e-05,0,0,0
J10,J10_E013_C4_YO_S12_25A35.npy,P1,-3.980149130716637e-09,1.0501051408025731e-05,0.0001339757873211056,1.884183602669508e-05,3.9128778698795795e-05,0,0,0
J10,J10_E013_C4_YO_S12_25A35.npy,P2,-1.3848575503168917e-07,1.3312226892053814e-05,0.00021272683807183057,2.282476398249855e-05,3.8948037181398484e-05,0,0,0
J10,J10_E014_C4_YF_S12_5A15.npy,P1,2.936602373157639e-07,1.0654544668992757e-05,8.001663081813604e-05,2.0689871871581985e-05,3.121556623227659e-05,0,0,0
J10,J10_E014_C4_YF_S12_5A15.npy,P2,-6.8621909824921e-07,1.5774569893977314e-05,8.032731420826167e-05,3.200990486220688e-05,4.5373229004326265e-05,0,0,0
J10,J10_E015_C4_YO_S12_25A35.npy,P1,-1.198595526067298e-07,8.643000504897538e-06,8.287579839816317e-05,1.632690073165577e-05,2.8362646062305414e-05,0,0,0
J10,J10_E015_C4_YO_S12_25A35.npy,P2,9.81151009395531e-08,1.2934082421571201e-05,0.00021280415239743888,2.316686732228845e-05,4.151156015723242e-05,0,0,0
J10,J10_E016_C3_YF_S11_5A15.npy,P1,-1.5523263143987846e-07,8.895472513340946e-06,9.868717461358756e-05,1.736271797199151e-05,2.46646015148144e-05,0,0,0
J10,J10_E016_C3_YF_S11_5A15.npy,P2,1.1561647615441568e-07,1.54813465233259e-05,9.12975738174282e-05,3.117861779173836e-05,4.4400178303476376e-05,0,0,0
J10,J10_E017_C3_YO_S11_25A35.npy,P1,5.330513366347543e-07,1.1487670750411087e-05,0.00015209539560601115,2.1590709093288734e-05,3.8989190798019916e-05,0,0,0
J10,J10_E017_C3_YO_S11_25A35.npy,P2,-3.4567367784319027e-07,1.9741255664020475e-05,0.00018118000298272818,3.519196161505531e-05,7.451416466210443e-05,0,0,0
J10,J10_E018_C3_YF_S11_5A15.npy,P1,1.7562810762716014e-07,9.618282406096423e-06,6.541654875036329e-05,1.908255489979637e-05,2.7219486546528003e-05,0,0,0
J10,J10_E018_C3_YF_S11_5A15.npy,P2,1.29251062997055e-07,1.533460905816031e-05,8.604253525845706e-05,3.066687913815256e-05,4.4074329562135935e-05,0,0,0
J10,J10_E019_C3_YO_S11_25A35.npy,P1,2.3167203990098664e-07,1.2458087532420287e-05,0.00013625754218082875,2.4522830881323857e-05,4.4207183782418665e-05,0,0,0
J10,J10_E019_C3_YO_S11_25A35.npy,P2,-1.1235146836268191e-06,1.6918801056452585e-05,0.00021343094704207033,2.874376432373532e-05,5.874266211321805e-05,0,0,0
J10,J10_E020_C3_YF_S11_5A15.npy,P1,4.081277335233409e-07,9.540908710748913e-06,6.108918023528531e-05,1.889646418931079e-05,2.7229874212935054e-05,0,0,0
J10,J10_E020_C3_YF_S11_5A15.npy,P2,1.2861449581739877e-07,1.5963548804488365e-05,9.101653995458037e-05,3.247444947191979e-05,4.688326185714682e-05,0,0,0
J10,J10_E021_C3_YO_S11_25A35.npy,P1,1.7994101892035751e-07,1.1665740487186523e-05,0.00011647662904579192,2.4301020039274588e-05,4.093446077604287e-05,0,0,0
J10,J10_E021_C3_YO_S11_25A35.npy,P2,1.602782925861442e-07,1.746982421420734e-05,0.00020951197075191885,3.087361255893483e-05,6.23799575259908e-05,0,0,0
J10,J10_E022_C3_YF_S11_5A15.npy,P1,-1.1966061185585984e-07,9.233261547919149e-06,6.0798462072853e-05,1.883729273686185e-05,2.7645806221698824e-05,0,0,0
J10,J10_E022_C3_YF_S11_5A15.npy,P2,-9.600890415039006e-08,1.8118798061293586e-05,0.000142145567224361,3.653651128843192e-05,5.4247937332547406e-05,0,0,0
J10,J10_E023_C3_YO_S11_25A35.npy,P1,-1.197971829344814e-07,1.0469503067299766e-05,0.00011069515312556177,2.0310015588620442e-05,3.5857617222063674e-05,0,0,0
J10,J10_E023_C3_YO_S11_25A35.npy,P2,2.606642667099605e-07,1.4770317278565665e-05,0.0001949827274074778,2.6131371760129687e-05,4.790010611031854e-05,0,0,0
J10,J10_E024_C3_YF_S11_5A15.npy,P1,5.6408916080347056e-08,8.91152718786418e-06,6.341042171698064e-05,1.7696103077469155e-05,2.530692447180626e-05,0,0,0
J10,J10_E024_C3_YF_S11_5A15.npy,P2,7.856370100120632e-08,1.8126875146156154e-05,9.110382961807773e-05,3.6990575426898394e-05,5.201230134844074e-05,0,0,0
J10,J10_E025_C3_YO_S11_25A35.npy,P1,1.3511062507712027e-07,8.229962709393885e-06,0.00013538607163354754,1.5209239700197933e-05,2.72380772366886e-05,0,0,0
J10,J10_E025_C3_YO_S11_25A35.npy,P2,2.1467704260793252e-07,1.3682397783116364e-05,0.00018579237803351134,2.381093991061789e-05,4.250009311363101e-05,0,0,0
J10,J10_E026_C3_YF_S11_5A15.npy,P1,2.545109670265311e-07,8.737192756034036e-06,7.592391921207309e-05,1.729080968289053e-05,2.5181051551044204e-05,0,0,0
J10,J10_E026_C3_YF_S11_5A15.npy,P2,-1.3503802510200124e-08,1.7066013983893025e-05,9.290139860240743e-05,3.5521331119525686e-05,5.2386224815563765e-05,0,0,0
J10,J10_E027_C3_YO_S11_25A35.npy,P1,-2.9568346911536625e-07,1.0004643708613445e-05,0.0001148493611253798,1.862878079919027e-05,3.420655844820422e-05,0,0,0
J10,J10_E027_C3_YO_S11_25A35.npy,P2,-3.3598951399235906e-08,1.3066907925672673e-05,0.00017198991554323584,2.2660532522422724e-05,4.0400172110820644e-05,0,0,0
J10,J10_E028_C5_YF_S1_5A15.npy,P1,4.574193965626792e-07,8.95360664534942e-06,9.253026655642316e-05,1.742581407597754e-05,2.6286419251846336e-05,0,0,0
J10,J10_E028_C5_YF_S1_5A15.npy,P2,-7.593464727933225e-08,1.4637929182213091e-05,7.862308848416433e-05,2.9488929703802567e-05,4.200226067041508e-05,0,0,0
J10,J10_E029_C5_YO_S1_25A35.npy,P1,9.408782099481038e-08,9.042636812221407e-06,0.00012907561904285103,1.7342521914542875e-05,2.8460048288252434e-05,0,0,0
J10,J10_E029_C5_YO_S1_25A35.npy,P2,-2.543817979599639e-07,1.7220343341713114e-05,0.00019626488210633397,3.241258000343804e-05,6.209584862517608e-05,0,0,0
J10,J10_E030_C5_YF_S1_5A15.npy,P1,1.3947170145504105e-07,9.313090580023639e-06,7.730272773187608e-05,1.8301896670891434e-05,2.7806955968117012e-05,0,0,0
J10,J10_E030_C5_YF_S1_5A15.npy,P2,1.7397101667471754e-07,1.7404280994063424e-05,9.444876195630059e-05,3.557454110705292e-05,5.1399254443822376e-05,0,0,0
J10,J10_E031_C5_YO_S1_25A35.npy,P1,1.319916327848424e-08,9.525800765072789e-06,0.00013269901683088392,1.765781262292873e-05,3.2601373968645854e-05,0,0,0
J10,J10_E031_C5_YO_S1_25A35.npy,P2,-6.457899878705502e-07,1.4538624276355069e-05,0.00017658475553616881,2.6842504121304947e-05,4.7263013511837704e-05,0,0,0
J10,J10_E032_C5_YF_S1_5A15.npy,P1,1.38304627403503e-07,9.36424653866209e-06,7.02845718478784e-05,1.8369470762991096e-05,2.7820230097859143e-05,0,0,0
J10,J10_E032_C5_YF_S1_5A15.npy,P2,-6.249338737953589e-08,1.742787778819243e-05,0.00010403667693026364,3.618316241045249e-05,5.212140542425914e-05,0,0,0
J10,J10_E033_C5_YO_S1_25A35.npy,P1,-3.780806454702433e-08,2.1748698636048934e-05,0.0002576192782726139,3.5156209378328626e-05,9.991866376367373e-05,0,0,0
J10,J10_E033_C5_YO_S1_25A35.npy,P2,-6.307303735050951e-07,2.1001620721065186e-05,0.00018874273519031703,4.02839368689456e-05,6.82739478361325e-05,0,0,0
J10,J10_E034_C5_YF_S2_5A15.npy,P1,1.9578992154932883e-07,8.757238707715205e-06,6.125350046204403e-05,1.7401506374881135e-05,2.434331439872039e-05,0,0,0
J10,J10_E034_C5_YF_S2_5A15.npy,P2,7.743650310628279e-08,1.685581148919362e-05,0.0001184883585665375,3.407513358979483e-05,5.1893895724788205e-05,0,0,0
J10,J10_E035_C5_YO_S2_25A35.npy,P1,-2.214909555875009e-07,9.59411799555635e-06,0.00013875940931029618,1.822231979531352e-05,3.24710199856781e-05,0,0,0
J10,J10_E035_C5_YO_S2_25A35.npy,P2,-2.0983962480518976e-09,1.651396506835477e-05,0.00020816321193706244,2.8364995523588717e-05,5.8887117193080476e-05,0,0,0
J10,J10_E036_C5_YF_S2_5A15.npy,P1,-1.1696862593296551e-07,8.555507984953942e-06,6.772959750378504e-05,1.696952513157157e-05,2.4282502563437415e-05,0,0,0
J10,J10_E036_C5_YF_S2_5A15.npy,P2,2.1408863483031694e-07,1.6424496892158906e-05,9.586902888258919e-05,3.343727603350998e-05,4.8085099697345856e-05,0,0,0
J10,J10_E037_C5_YO_S2_25A35.npy,P1,1.803734786616711e-07,8.829430132964683e-06,0.00011926592560485005,1.6977107316051835e-05,2.9400343264569523e-05,0,0,0
J10,J10_E037_C5_YO_S2_25A35.npy,P2,7.855634529328608e-08,1.860462174828445e-05,0.0002100931160384789,3.150046704831764e-05,7.171596902480801e-05,0,0,0
J10,J10_E038_C5_YF_S2_5A15.npy,P1,3.846532065593937e-07,9.021175413257096e-06,7.072238076943904e-05,1.8034020013146797e-05,2.641349747136697e-05,0,0,0
J10,J10_E038_C5_YF_S2_5A15.npy,P2,-1.4427910422379055e-07,1.4897098888682875e-05,8.618176070740446e-05,2.9942621131340266e-05,4.418398380948923e-05,0,0,0
J10,J10_E039_C5_YO_S2_25A35.npy,P1,1.3692037696390303e-07,8.92018867916295e-06,8.099449769360945e-05,1.773448693711543e-05,2.7834303364215843e-05,0,0,0
J10,J10_E039_C5_YO_S2_25A35.npy,P2,-1.4766929974206494e-07,1.5871581749441884e-05,0.0001822920166887343,2.695424955163615e-05,5.6684136980038594e-05,0,0,0
J10,J10_E040_C2_YO_S7_5A15.npy,P1,-2.1427636207295873e-07,1.037373830169553e-05,0.00013841413601767272,1.9072085979132678e-05,3.7021010539319746e-05,0,0,0
J10,J10_E040_C2_YO_S7_5A15.npy,P2,-9.196776496873981e-08,1.51442666117222e-05,0.00019106535182800144,2.6526613601163227e-05,5.212984058744034e-05,0,0,0
J10,J10_E041_C2_YO_S7_25A35.npy,P1,-3.748455360943291e-07,1.0568904255500366e-05,0.0001341004390269518,2.046686486210092e-05,3.755648202059087e-05,0,0,0
J10,J10_E041_C2_YO_S7_25A35.npy,P2,2.207117312029241e-07,1.3858490245125264e-05,0.00015062146121636033,2.559447202656882e-05,4.1189136136381385e-05,0,0,0
J10,J10_E042_C1_YF_S6_5A15.npy,P1,9.158080102207847e-08,1.2144764604188124e-05,0.00017015427874866873,2.3148790569393837e-05,4.774694400111903e-05,0,0,0
J10,J10_E042_C1_YF_S6_5A15.npy,P2,-2.0471979184728595e-07,1.4146985586898764e-05,0.00018903397722169757,2.7031209265260257e-05,3.997074371000051e-05,0,0,0
J10,J10_E043_C1_YF_S6_25A35.npy,P1,9.36853022586887e-08,1.3516342569402631e-05,0.00013262956053949893,2.659632546055944e-05,5.2106555631325786e-05,0,0,0
J10,J10_E043_C1_YF_S6_25A35.npy,P2,2.5774249359282737e-07,1.75259953966814e-05,0.00017427482816856354,3.506758985167829e-05,5.301419430907102e-05,0,0,0
J15,J15_E000_C1_YF_S6_5A15.npy,P1,-4.058442654135046e-07,1.981662281928209e-05,0.0003223418025299907,2.3669260463066164e-05,8.284112263936535e-05,0,0,0
J15,J15_E000_C1_YF_S6_5A15.npy,P2,6.642847432539862e-08,1.5267471526351345e-05,0.00020050643070135266,2.4220514023909336e-05,5.792394167656295e-05,0,0,0
J15,J15_E001_C1_YF_S6_25A35.npy,P1,1.0424463320736655e-07,1.5654728901825995e-05,0.0002612680837046355,2.1765572455478815e-05,5.590124499576608e-05,0,0,0
J15,J15_E001_C1_YF_S6_25A35.npy,P2,-5.793794690433762e-07,2.0361161994050847e-05,0.00019403613987378776,3.9013260720821527e-05,8.998172837891601e-05,0,0,0
J15,J15_E002_C2_YO_S7_5A15.npy,P1,6.042537717924642e-08,1.794274168814983e-05,0.0002638729347381741,2.645002377903437e-05,7.684816875553212e-05,0,0,0
J15,J15_E002_C2_YO_S7_5A15.npy,P2,-1.7839322291019165e-07,1.3923614379714851e-05,0.00020382450020406395,2.3167734980233904e-05,4.66137663534023e-05,0,0,0
J15,J15_E003_C2_YO_S7_25A35.npy,P1,-2.705804492217548e-07,1.0903042223056905e-05,0.0002121329598594457,1.804700277716619e-05,2.8631152381421992e-05,0,0,0
J15,J15_E003_C2_YO_S7_25A35.npy,P2,-5.926583232628199e-07,1.4072450808143514e-05,0.00022096776228863746,2.167504053431907e-05,4.364844131487166e-05,0,0,0
J15,J15_E004_C5_YF_S1_5A15.npy,P1,8.746906080535905e-09,1.1386806722774451e-05,6.68877037242055e-05,2.2811434064351468e-05,3.2171742059290386e-05,0,0,0
J15,J15_E004_C5_YF_S1_5A15.npy,P2,8.991236819393573e-08,1.347677876277691e-05,0.00013655403745360672,2.6708883797255113e-05,4.074684220540799e-05,0,0,0
J15,J15_E005_C5_YO_S1_25A35.npy,P1,4.832663453671262e-07,2.206910506578861e-05,0.0003544433566275984,2.7354407029633857e-05,9.385403107444266e-05,0,0,0
J15,J15_E005_C5_YO_S1_25A35.npy,P2,-2.1105436893783307e-07,1.1421951706690195e-05,0.00021119092707522213,2.1565740189544156e-05,3.27168833973701e-05,0,0,0
J15,J15_E006_C5_YF_S1_5A15.npy,P1,-6.55187432820327e-08,1.2273063655525486e-05,0.0001229081826750189,2.413240781606873e-05,3.649896632850868e-05,0,0,0
J15,J15_E006_C5_YF_S1_5A15.npy,P2,-1.6564101261374796e-06,2.9503483075809482e-05,0.00024484979803673923,5.7725772967387444e-05,0.00012918733933474786,0,0,0
J15,J15_E007_C5_YO_S1_25A35.npy,P1,-1.0882614444899376e-07,2.69103064972391e-05,0.0003790118498727679,3.369164169271242e-05,0.00012702910127700248,0,0,0
J15,J15_E007_C5_YO_S1_25A35.npy,P2,-3.454684901346347e-07,1.5408987838355178e-05,0.0001985967974178493,2.8660091174970148e-05,5.102433671709101e-05,0,0,0
J15,J15_E008_C5_YF_S1_5A15.npy,P1,1.1940556000529034e-06,1.261232095243047e-05,7.174570055212826e-05,2.5668993021099593e-05,3.8726493366993874e-05,0,0,0
J15,J15_E008_C5_YF_S1_5A15.npy,P2,-2.823856222876322e-07,1.3541693106008755e-05,0.00010201799886999652,2.7080637937615387e-05,4.031776454212375e-05,0,0,0
J15,J15_E009_C5_YO_S1_25A35.npy,P1,-4.670309582336619e-07,2.1081750788749998e-05,0.0003530255635268986,2.7325214341544774e-05,8.124384192342336e-05,0,0,0
J15,J15_E009_C5_YO_S1_25A35.npy,P2,-6.471021300301832e-08,1.4074518662581978e-05,0.0002030900213867426,2.707648964133112e-05,4.4305956325842955e-05,0,0,0
J15,J15_E010_C5_YF_S2_5A15.npy,P1,2.2183200742361796e-07,1.2326828314571443e-05,7.574872870463878e-05,2.4785726782283726e-05,3.8602730892307323e-05,0,0,0
J15,J15_E010_C5_YF_S2_5A15.npy,P2,-3.244595857564803e-08,1.2737318431616297e-05,7.169399032136425e-05,2.578060284577076e-05,3.758095288503681e-05,0,0,0
J15,J15_E011_C5_YO_S2_25A35.npy,P1,-3.7628656541241216e-07,2.0906233803249e-05,0.00036691376590169966,2.690238279683398e-05,7.88553608435898e-05,0,0,0
J15,J15_E011_C5_YO_S2_25A35.npy,P2,-2.3491316982416175e-07,1.61054673626867e-05,0.00019812215759884566,2.959097919301709e-05,6.27479522518112e-05,0,0,0
J15,J15_E012_C5_YF_S2_5A15.npy,P1,3.1122870719606106e-07,1.187566326055893e-05,6.840417336206883e-05,2.3946998317114774e-05,3.4575372919789504e-05,0,0,0
J15,J15_E012_C5_YF_S2_5A15.npy,P2,6.937942108086855e-07,1.3143963839203383e-05,8.227933722082525e-05,2.6734123457572397e-05,3.999086111434735e-05,0,0,0
J15,J15_E013_C5_YO_S2_25A35.npy,P1,-4.3744921405700006e-08,3.147432701645705e-05,0.0003554016293492168,5.2489058361970806e-05,0.0001405228700605218,0,0,0
J15,J15_E013_C5_YO_S2_25A35.npy,P2,-4.227428939009995e-07,2.0718865810958925e-05,0.0002042826235992834,4.185849265923023e-05,7.748913070827255e-05,0,0,0
J15,J15_E014_C5_YF_S2_5A15.npy,P1,-5.964346533664665e-08,1.4144226205310522e-05,8.48949421197176e-05,2.899283454098621e-05,4.465636906388663e-05,0,0,0
J15,J15_E014_C5_YF_S2_5A15.npy,P2,-2.8102018147098026e-07,1.1685189622880976e-05,0.00010406423098174855,2.3797025278327055e-05,3.5797503478533987e-05,0,0,0
J15,J15_E015_C5_YO_S2_25A35.npy,P1,-3.493847647266904e-07,1.9754595398883514e-05,0.0003044632321689278,2.988236446981317e-05,7.172824429289893e-05,0,0,0
J15,J15_E015_C5_YO_S2_25A35.npy,P2,2.414214168582949e-07,1.809210296175267e-05,0.00019867633818648756,3.598965049604885e-05,6.618884857743926e-05,0,0,0
J15,J15_E016_C4_YF_S12_5A15.npy,P1,3.460212787528559e-07,1.3511791559644179e-05,8.96809360710904e-05,2.7755488554248578e-05,4.454381098184962e-05,0,0,0
J15,J15_E016_C4_YF_S12_5A15.npy,P2,-5.7208977025682306e-08,1.2685459504343261e-05,8.811404404696077e-05,2.588501274658483e-05,4.06365369781269e-05,0,0,0
J15,J15_E017_C4_YO_S12_25A35.npy,P1,-1.2066222101489315e-07,1.954122965673799e-05,0.00035829085391014814,2.6723889459390193e-05,8.253307743871095e-05,0,0,0
J15,J15_E017_C4_YO_S12_25A35.npy,P2,-3.5112171186809156e-07,1.0843942900006851e-05,0.00018815691873896867,1.8189719594374754e-05,3.3504848397569526e-05,0,0,0
J15,J15_E018_C4_YF_S12_5A15.npy,P1,-6.741828968909805e-08,1.3065590192063311e-05,0.00010835898865479976,2.5148938402708137e-05,4.393801096739479e-05,0,0,0
J15,J15_E018_C4_YF_S12_5A15.npy,P2,3.861122046544022e-08,2.3108825807842806e-05,0.000362171558663249,3.4541723653092e-05,6.949564914975768e-05,0,0,0
J15,J15_E019_C4_YO_S12_25A35.npy,P1,-1.570677615008193e-07,1.728580327666339e-05,0.0003242867533117533,2.3987981330719755e-05,6.455152397393247e-05,0,0,0
J15,J15_E019_C4_YO_S12_25A35.npy,P2,5.849863971121605e-07,1.1465646555483428e-05,0.0001936539338203147,2.0319338273111484e-05,3.6375604395288933e-05,0,0,0
J15,J15_E020_C4_YF_S12_5A15.npy,P1,4.674839357450605e-08,1.3409880212085516e-05,0.00010411821131128818,2.6263024483341718e-05,4.5691108462051366e-05,0,0,0
J15,J15_E020_C4_YF_S12_5A15.npy,P2,1.1142629226206478e-08,2.2772625430565154e-05,0.0002553263620939106,3.83321184926899e-05,8.991081660496988e-05,0,0,0
J15,J15_E021_C4_YO_S12_25A35.npy,P1,5.647277440453208e-07,1.9044087110870904e-05,0.000344162224791944,2.6314426668250206e-05,7.31548736803231e-05,0,0,0
J15,J15_E021_C4_YO_S12_25A35.npy,P2,-2.3217596932539424e-07,1.433725885168954e-05,0.00021255467436276376,2.5783768978726555e-05,5.3178240232227535e-05,0,0,0
J15,J15_E022_C4_YF_S12_5A15.npy,P1,4.7065749344009515e-07,1.3365137777049567e-05,0.00010901135101448745,2.6412549595988793e-05,4.398987715831022e-05,0,0,0
J15,J15_E022_C4_YF_S12_5A15.npy,P2,-3.450858456131081e-07,1.352450524680826e-05,8.252722182078287e-05,2.713913800107546e-05,4.2312827281421045e-05,0,0,0
J15,J15_E023_C4_YO_S12_25A35.npy,P1,-5.202851110184418e-08,1.9507768715262538e-05,0.0003183520457241684,2.737490185609202e-05,7.99927089974516e-05,0,0,0
J15,J15_E023_C4_YO_S12_25A35.npy,P2,-9.743908604068418e-08,1.0985462942664708e-05,0.00016743456944823265,1.955601692316118e-05,3.5633011102618095e-05,0,0,0
J15,J15_E024_C4_YF_S12_5A15.npy,P1,-1.6183810432979405e-07,1.3798678749951662e-05,0.00010118759382748976,2.7702465195034156e-05,4.650317201594588e-05,0,0,0
J15,J15_E024_C4_YF_S12_5A15.npy,P2,1.1544314272804578e-08,1.2618773284637443e-05,0.00013454938016366214,2.5418432323931462e-05,3.70689660485368e-05,0,0,0
J15,J15_E025_C4_YO_S12_25A35.npy,P1,2.942237369389179e-07,1.545469259742765e-05,0.00030808860901743174,2.1619178460241526e-05,5.548825465666592e-05,0,0,0
J15,J15_E025_C4_YO_S12_25A35.npy,P2,1.4747778688111487e-08,9.932912906597426e-06,0.00024124933406710625,1.720466252663754e-05,3.398553199076542e-05,0,0,0
J15,J15_E026_C4_YF_S12_5A15.npy,P1,2.409996046666849e-07,1.4954301610139397e-05,0.00011782214278355241,2.986761746797128e-05,5.240394762950016e-05,0,0,0
J15,J15_E026_C4_YF_S12_5A15.npy,P2,-5.006187119818393e-07,2.1457686205534125e-05,0.00037171272560954094,3.476326619420428e-05,6.432760550524101e-05,0,0,0
J15,J15_E027_C4_YO_S12_25A35.npy,P1,-1.8313346202329858e-07,1.73783392203806e-05,0.0003186432586517185,2.4112597020575747e-05,6.936022306035734e-05,0,0,0
J15,J15_E027_C4_YO_S12_25A35.npy,P2,3.76075286408595e-07,1.1290324062387243e-05,0.00015568954404443502,2.0927357218170027e-05,3.804222909820961e-05,0,0,0
J15,J15_E028_C3_YF_S11_5A15.npy,P1,-1.7328916321571756e-08,1.0652314411611947e-05,5.1992399676237255e-05,2.1452589953696586e-05,3.0778447944612625e-05,0,0,0
J15,J15_E028_C3_YF_S11_5A15.npy,P2,-4.097970505275503e-08,1.6422674901616916e-05,0.00010651227785274386,3.2523459049116346e-05,5.063982091087375e-05,0,0,0
J15,J15_E029_C3_YO_S11_25A35.npy,P1,-6.63781848853877e-07,1.5367885623711028e-05,0.0003178810002282262,2.4076705176412358e-05,4.2100770078831953e-05,0,0,0
J15,J15_E029_C3_YO_S11_25A35.npy,P2,8.078858490236442e-08,1.5110634526393655e-05,0.00019643481937237084,3.0027595221326917e-05,5.068695034424292e-05,0,0,0
J15,J15_E030_C3_YF_S11_5A15.npy,P1,-1.0147951847884025e-07,1.1894626858935951e-05,6.616030441364273e-05,2.3809954836906392e-05,3.4574583442008544e-05,0,0,0
J15,J15_E030_C3_YF_S11_5A15.npy,P2,-2.482613195226006e-07,1.670936972143704e-05,0.0001134813719545491,3.372314768057549e-05,5.1490873265720434e-05,0,0,0
J15,J15_E031_C3_YO_S11_25A35.npy,P1,3.1630333417730196e-07,1.7107618138728816e-05,0.0003430248470976949,2.4802130428724906e-05,5.501434170582758e-05,0,0,0
J15,J15_E031_C3_YO_S11_25A35.npy,P2,-1.1293224247990287e-07,1.1953093633459504e-05,0.00019804990733973682,2.2699929286318358e-05,3.557748699677177e-05,0,0,0
J15,J15_E032_C3_YF_S11_5A15.npy,P1,-1.2102584053000968e-07,1.2161042744062183e-05,7.440226909238845e-05,2.4148874945240093e-05,3.6951599213352886e-05,0,0,0
J15,J15_E032_C3_YF_S11_5A15.npy,P2,-6.683084836788422e-10,1.5499372069773888e-05,0.00010785442282212898,3.149742351524764e-05,4.962910472386281e-05,0,0,0
J15,J15_E033_C3_YO_S11_25A35.npy,P1,1.4351581565740293e-07,1.846843432012012e-05,0.00029256558627821505,2.6810300096258254e-05,7.021653262199818e-05,0,0,0
J15,J15_E033_C3_YO_S11_25A35.npy,P2,3.1575687652721465e-08,1.3785462155609224e-05,0.0003531276306603104,2.526607950130709e-05,4.0232779429061254e-05,0,0,0
J15,J15_E034_C3_YF_S11_5A15.npy,P1,-1.971530547591986e-07,1.3021599185016942e-05,8.217301365220919e-05,2.586579030321445e-05,3.807558026892359e-05,0,0,0
J15,J15_E034_C3_YF_S11_5A15.npy,P2,2.4662764798792e-07,1.4551142377689223e-05,9.811371273826808e-05,2.9371748496487268e-05,4.307085066102443e-05,0,0,0
J15,J15_E035_C3_YO_S11_25A35.npy,P1,5.123563486668281e-07,2.405228256995733e-05,0.00032097395160235465,3.349481903569536e-05,0.00011009609435859576,0,0,0
J15,J15_E035_C3_YO_S11_25A35.npy,P2,-2.7136145708553996e-07,1.551183343720915e-05,0.000264622998656705,2.878407158277695e-05,5.2813412657997065e-05,0,0,0
J15,J15_E036_C3_YF_S11_5A15.npy,P1,-2.585575083695943e-07,1.225066427074356e-05,8.462835830869153e-05,2.4074929388007143e-05,3.55678695996175e-05,0,0,0
J15,J15_E036_C3_YF_S11_5A15.npy,P2,4.9904954297649066e-08,1.4570878721058929e-05,0.0002712623681873083,2.9296683715074315e-05,4.422421745402967e-05,0,0,0
J15,J15_E037_C3_YO_S11_25A35.npy,P1,-2.6978156430942974e-07,1.988750799667757e-05,0.00031637397478334606,2.760323513939508e-05,7.907059465651388e-05,0,0,0
J15,J15_E037_C3_YO_S11_25A35.npy,P2,4.3835161651860835e-07,1.5056993093881084e-05,0.00020262661564629525,2.8510138599813216e-05,4.703852664533757e-05,0,0,0
J15,J15_E038_C3_YF_S11_5A15.npy,P1,-9.920239985507429e-08,1.2312683689581386e-05,6.888403731863946e-05,2.4677419969520993e-05,3.63019596261437e-05,0,0,0
J15,J15_E038_C3_YF_S11_5A15.npy,P2,2.783631975550504e-07,1.600406600911405e-05,9.175265586236492e-05,3.242824186600045e-05,5.078912847238803e-05,0,0,0
J15,J15_E039_C3_YO_S11_25A35.npy,P1,-1.4181766777787243e-07,1.9455611552856894e-05,0.0003005254257004708,2.7121339735458604e-05,7.470669312169757e-05,0,0,0
J15,J15_E039_C3_YO_S11_25A35.npy,P2,1.1907204161279095e-07,1.6490231629174777e-05,0.0002211278333561495,2.8623572779906682e-05,5.878260020836017e-05,0,0,0
J15,J15_E040_C2_YO_S7_5A15.npy,P1,1.6607815429172847e-08,1.7705148150812196e-05,0.0002939821861218661,2.3843953658797543e-05,7.05352580553152e-05,0,0,0
J15,J15_E040_C2_YO_S7_5A15.npy,P2,2.1122496108723572e-08,1.3727607489263254e-05,0.00020573384244926274,2.155755146304727e-05,4.4488437852123575e-05,0,0,0
J15,J15_E041_C2_YO_S7_25A35.npy,P1,7.92631095837683e-08,1.2083475136928053e-05,0.00029670505318790674,1.8360630292590937e-05,3.0030083817109664e-05,0,0,0
J15,J15_E041_C2_YO_S7_25A35.npy,P2,-3.4905344098175174e-07,1.0264465412316952e-05,0.00011469865421531722,2.0001222037535612e-05,2.9452837225107898e-05,0,0,0
J15,J15_E042_C1_YF_S6_5A15.npy,P1,2.812347179939938e-08,8.314126981300251e-06,5.190819501876831e-05,1.629888556635704e-05,2.2108842404122688e-05,0,0,0
J15,J15_E042_C1_YF_S6_5A15.npy,P2,4.438658570006741e-08,1.841917560446103e-05,0.00022424885537475348,3.0850813163851824e-05,7.101429000613271e-05,0,0,0
J15,J15_E043_C1_YF_S6_25A35.npy,P1,2.1440163521201189e-07,1.1126748022403533e-05,0.00026181290741078556,1.8061785613099343e-05,2.7432327024143768e-05,0,0,0
J15,J15_E043_C1_YF_S6_25A35.npy,P2,1.5765850543430002e-07,1.9700878442775207e-05,0.00024149182718247175,3.407210278965067e-05,7.091944979038035e-05,0,0,0
J2,J2_E000_C1_YF_S6_5A15.npy,P1,1.0782886402175473e-07,1.3075860083624671e-05,0.0002379974612267688,1.6652787962811985e-05,4.8976361467793855e-05,0,0,0
J2,J2_E000_C1_YF_S6_5A15.npy,P2,8.151985374255016e-08,1.2556826208297292e-05,9.720432717585936e-05,2.4784735160210396e-05,3.7921797484159464e-05,0,0,0
J2,J2_E001_C1_YF_S6_25A35.npy,P1,2.460870172186761e-07,1.4387006395804686e-05,0.0001957038330147043,2.15715154809004e-05,6.0097504283475625e-05,0,0,0
J2,J2_E001_C1_YF_S6_25A35.npy,P2,-8.029073495120495e-08,1.2092375081118905e-05,0.0001138271254603751,2.3717579369986184e-05,3.574064656277183e-05,0,0,0
J2,J2_E002_C2_YO_S7_5A15.npy,P1,3.8297634299322525e-07,2.2778822780062165e-05,0.000299143954180181,3.674537638289617e-05,9.446503281651524e-05,0,0,0
J2,J2_E002_C2_YO_S7_5A15.npy,P2,8.13428018581671e-08,1.2738028832766663e-05,8.869711018633097e-05,2.5813132197072247e-05,4.000823977548854e-05,0,0,0
J2,J2_E003_C2_YO_S7_25A35.npy,P1,-5.31775846100759e-07,2.3516552700173423e-05,0.0002846981515176594,4.124510433030081e-05,0.00010318734603060836,0,0,0
J2,J2_E003_C2_YO_S7_25A35.npy,P2,-1.75835459900869e-07,1.2117848109457723e-05,0.00011434638872742653,2.3715267798252167e-05,3.7234546944091407e-05,0,0,0
J2,J2_E004_C3_YF_S11_5A15.npy,P1,3.610471867247231e-07,1.1870299003348829e-05,7.738012209301814e-05,2.444121992084547e-05,3.838029348116832e-05,0,0,0
J2,J2_E004_C3_YF_S11_5A15.npy,P2,-5.458239215032549e-07,1.5745921311223078e-05,0.00014137996186036617,3.076478460570797e-05,5.1253381025162524e-05,0,0,0
J2,J2_E005_C3_YO_S11_25A35.npy,P1,-5.080715579412383e-07,2.210226335024032e-05,0.0002816916676238179,3.813536040979664e-05,9.021380079502686e-05,0,0,0
J2,J2_E005_C3_YO_S11_25A35.npy,P2,-5.072150968671785e-08,1.6453470123681358e-05,0.00013449127436615527,3.27505276800366e-05,5.463838322611977e-05,0,0,0
J2,J2_E006_C3_YF_S11_5A15.npy,P1,-6.213026470908734e-07,1.152080456817718e-05,6.753786146873608e-05,2.3339788913290246e-05,3.5932973405578914e-05,0,0,0
J2,J2_E006_C3_YF_S11_5A15.npy,P2,-5.320841880667375e-08,1.600715757336673e-05,0.0001548716245451942,3.172372180415549e-05,5.3006601083324967e-05,0,0,0
J2,J2_E007_C3_YO_S11_25A35.npy,P1,5.582028739854192e-07,1.9550238402506786e-05,0.0002584659378044307,2.963941869893458e-05,8.370839714188991e-05,0,0,0
J2,J2_E007_C3_YO_S11_25A35.npy,P2,-1.202901869517958e-08,1.5772628112759715e-05,0.0001461684296373278,3.125290841126111e-05,4.924795252009053e-05,0,0,0
J2,J2_E008_C3_YF_S11_5A15.npy,P1,-2.653378722301723e-07,1.0943853431265561e-05,6.91410168656148e-05,2.2117794378573302e-05,3.239760808355637e-05,0,0,0
J2,J2_E008_C3_YF_S11_5A15.npy,P2,1.3774127383591792e-07,1.5064954179338239e-05,0.00013261655112728477,2.9869736044929594e-05,4.625002547982139e-05,0,0,0
J2,J2_E009_C3_YO_S11_25A35.npy,P1,-1.2682997743202958e-08,1.749509117858511e-05,0.00025329936761409044,2.8291842590988352e-05,6.694267132843295e-05,0,0,0
J2,J2_E009_C3_YO_S11_25A35.npy,P2,8.176353497284262e-09,1.6131211272339513e-05,0.000133495734189637,3.109186363872139e-05,5.0126194219046134e-05,0,0,0
J2,J2_E010_C3_YF_S11_5A15.npy,P1,2.3709810887090516e-07,1.1015079482208218e-05,7.372583786491305e-05,2.261567506138817e-05,3.438111627474427e-05,0,0,0
J2,J2_E010_C3_YF_S11_5A15.npy,P2,-2.5629269817571355e-08,1.2978351477961167e-05,0.00011094443470938131,2.5908530460583262e-05,3.8771381805417996e-05,0,0,0
J2,J2_E011_C3_YO_S11_25A35.npy,P1,1.9142399478830883e-08,2.1054349801875375e-05,0.00024405636941082776,3.643982399808006e-05,8.931745229347105e-05,0,0,0
J2,J2_E011_C3_YO_S11_25A35.npy,P2,5.7207865867026444e-08,1.2502404980275628e-05,0.00011803650704678148,2.376073707637259e-05,3.749056857486719e-05,0,0,0
J2,J2_E012_C3_YF_S11_5A15.npy,P1,-2.9336827267410652e-08,1.1435780722373474e-05,8.081716805463657e-05,2.2592273944610492e-05,3.609543815400682e-05,0,0,0
J2,J2_E012_C3_YF_S11_5A15.npy,P2,-4.2441243135378026e-07,1.0604572145774514e-05,7.455279410351068e-05,2.1135244423930992e-05,3.136649058433234e-05,0,0,0
J2,J2_E013_C3_YO_S11_25A35.npy,P1,-2.8881077504234933e-07,2.169142303703161e-05,0.00023227774363476783,3.735282807610927e-05,8.900268505385597e-05,0,0,0
J2,J2_E013_C3_YO_S11_25A35.npy,P2,-1.77613503616486e-09,1.3362693291281075e-05,0.00012197390606161207,2.619036858959589e-05,4.253857699950451e-05,0,0,0
J2,J2_E014_C3_YF_S11_5A15.npy,P1,-1.4016065019836757e-06,1.2129245009868783e-05,6.534024578286335e-05,2.483884209141251e-05,3.4620025944605e-05,0,0,0
J2,J2_E014_C3_YF_S11_5A15.npy,P2,-1.8304055164811358e-07,1.1241519558433836e-05,8.434346091235057e-05,2.2389919195120446e-05,3.442814646405165e-05,0,0,0
J2,J2_E015_C3_YO_S11_25A35.npy,P1,6.020818290887898e-07,1.85697932416124e-05,0.0002461870899423957,2.9620917212014294e-05,7.382654272077878e-05,0,0,0
J2,J2_E015_C3_YO_S11_25A35.npy,P2,1.2585274956053067e-07,1.3429879400172521e-05,0.00015728588914498687,2.5665769317129155e-05,3.870434502459824e-05,0,0,0
J2,J2_E016_C4_YF_S12_5A15.npy,P1,-9.757591959801792e-08,1.083071670010526e-05,8.137748955050483e-05,2.1767452108178982e-05,3.0509739663102545e-05,0,0,0
J2,J2_E016_C4_YF_S12_5A15.npy,P2,2.495521134483456e-07,9.622400679113842e-06,6.755423964932561e-05,1.9019716910406706e-05,2.7256656649115008e-05,0,0,0
J2,J2_E017_C4_YO_S12_25A35.npy,P1,-3.5966491776714835e-07,1.5156228030251779e-05,0.00027451777714304626,2.1806108998134728e-05,4.903191849734842e-05,0,0,0
J2,J2_E017_C4_YO_S12_25A35.npy,P2,-2.791485429689224e-07,8.463568760278612e-06,6.113498966442421e-05,1.6610710463282882e-05,2.3329553496296244e-05,0,0,0
J2,J2_E018_C4_YF_S12_5A15.npy,P1,3.6454240873028434e-07,1.113350480572898e-05,8.680159226059914e-05,2.2642595376964883e-05,3.4379569879092684e-05,0,0,0
J2,J2_E018_C4_YF_S12_5A15.npy,P2,-5.3869085916956624e-08,1.034921687794329e-05,6.499577284557745e-05,2.0560696611937554e-05,3.11612981386132e-05,0,0,0
J2,J2_E019_C4_YO_S12_25A35.npy,P1,4.361476641205386e-07,1.8752977252454557e-05,0.0002682770136743784,2.8197231858939615e-05,7.28395772603105e-05,0,0,0
J2,J2_E019_C4_YO_S12_25A35.npy,P2,4.266110265455876e-07,9.681432939747391e-06,0.00011236495629418641,1.8059186641039552e-05,2.8082581120543104e-05,0,0,0
J2,J2_E020_C4_YF_S12_5A15.npy,P1,-4.079955508051613e-08,1.09565849356831e-05,7.065404497552663e-05,2.1893002485739992e-05,3.3943606031243645e-05,0,0,0
J2,J2_E020_C4_YF_S12_5A15.npy,P2,-1.3998258646565824e-07,1.0295150264711177e-05,9.26279099076055e-05,2.044289431069046e-05,2.945850537798833e-05,0,0,0
J2,J2_E021_C4_YO_S12_25A35.npy,P1,1.6618591878545325e-07,1.644857561570774e-05,0.00025566513068042696,2.621023431856882e-05,5.8965925672963623e-05,0,0,0
J2,J2_E021_C4_YO_S12_25A35.npy,P2,8.333204514995371e-08,9.197923253874428e-06,9.434841194888577e-05,1.7880216546473076e-05,2.5977817786042574e-05,0,0,0
J2,J2_E022_C4_YF_S12_5A15.npy,P1,-2.6274759146173503e-08,1.1033806478240727e-05,5.871138273505494e-05,2.1721618577430483e-05,3.158220817567777e-05,0,0,0
J2,J2_E022_C4_YF_S12_5A15.npy,P2,-4.83584352293989e-09,1.6145125998134644e-05,8.830800652503967e-05,3.6572579665516963e-05,5.374313983338641e-05,0,0,0
J2,J2_E023_C4_YO_S12_25A35.npy,P1,-1.451306055596484e-07,1.835123634872215e-05,0.00025916157756000757,2.7956582198385118e-05,7.564057537820187e-05,0,0,0
J2,J2_E023_C4_YO_S12_25A35.npy,P2,-1.3444291595772506e-07,8.869511082289685e-06,0.00010906737588811666,1.6986713217193024e-05,2.5454371952946505e-05,0,0,0
J2,J2_E024_C4_YF_S12_5A15.npy,P1,3.6904390450923094e-08,1.077342591557629e-05,6.468973151640967e-05,2.1907436166657112e-05,3.1705977089586644e-05,0,0,0
J2,J2_E024_C4_YF_S12_5A15.npy,P2,-2.491128359804831e-07,9.445063961140099e-06,7.920795178506523e-05,1.8696674669627086e-05,2.6793211818585318e-05,0,0,0
J2,J2_E025_C4_YO_S12_25A35.npy,P1,-2.1999861240779682e-07,1.9530569419059784e-05,0.00027108858921565115,2.898663142332225e-05,8.080615101789556e-05,0,0,0
J2,J2_E025_C4_YO_S12_25A35.npy,P2,1.5369847579039925e-07,8.520703509708796e-06,0.00010052073048427701,1.640009813854703e-05,2.387446671491481e-05,0,0,0
J2,J2_E026_C4_YF_S12_5A15.npy,P1,-3.09392309575737e-07,1.0966728451797482e-05,6.180562922963873e-05,2.175262306991498e-05,3.0788957592449153e-05,0,0,0
J2,J2_E026_C4_YF_S12_5A15.npy,P2,2.18249987496697e-07,1.057243827221342e-05,8.54802638059482e-05,2.0814182698813964e-05,3.2366001942136666e-05,0,0,0
J2,J2_E027_C4_YO_S12_25A35.npy,P1,-2.6598669295344223e-07,1.918224729331697e-05,0.0002628163783811033,3.0439412967098175e-05,7.731267593044311e-05,0,0,0
J2,J2_E027_C4_YO_S12_25A35.npy,P2,1.4677006544846332e-07,8.639246211408308e-06,0.00011729625111911446,1.6336051157850302e-05,2.413342021100106e-05,0,0,0
J2,J2_E028_C5_YF_S1_5A15.npy,P1,-1.6251400833804457e-07,9.912086544812675e-06,5.967366450931877e-05,2.0379306806717062e-05,2.8704985961667228e-05,0,0,0
J2,J2_E028_C5_YF_S1_5A15.npy,P2,-2.1308762538004952e-07,1.3049041300782862e-05,0.00011306977830827236,2.6101655112142905e-05,4.1094266489380865e-05,0,0,0
J2,J2_E029_C5_YO_S1_25A35.npy,P1,1.5994364590293419e-07,2.4467818103756578e-05,0.0002869201416615397,3.9190564712043826e-05,0.0001125004411733234,0,0,0
J2,J2_E029_C5_YO_S1_25A35.npy,P2,2.1835214136927688e-07,1.3236841496311643e-05,0.0001325868215644732,2.5450808971072515e-05,4.063314743689254e-05,0,0,0
J2,J2_E030_C5_YF_S1_5A15.npy,P1,3.1168697533710036e-07,9.809805738756527e-06,5.314156805980019e-05,1.9667709057102905e-05,2.707171819565701e-05,0,0,0
J2,J2_E030_C5_YF_S1_5A15.npy,P2,1.7531778268671419e-07,1.314278527735561e-05,0.0001046999532263726,2.6169264310738057e-05,3.9951107319211336e-05,0,0,0
J2,J2_E031_C5_YO_S1_25A35.npy,P1,-3.7684203231370314e-07,2.1523278444329385e-05,0.0002558372507337481,3.595976104406871e-05,9.413740786840195e-05,0,0,0
J2,J2_E031_C5_YO_S1_25A35.npy,P2,-2.259071874446475e-07,1.029918030446861e-05,6.595843296963722e-05,2.041020670731086e-05,2.928297812104572e-05,0,0,0
J2,J2_E032_C5_YF_S1_5A15.npy,P1,2.6909284857918243e-07,1.1968551360420104e-05,6.118514284025878e-05,2.4500219296896817e-05,3.5338893540028934e-05,0,0,0
J2,J2_E032_C5_YF_S1_5A15.npy,P2,-6.76752523292814e-07,1.1218492823378366e-05,6.825425225542858e-05,2.2975795127422294e-05,3.537586915626886e-05,0,0,0
J2,J2_E033_C5_YO_S1_25A35.npy,P1,3.609406481411009e-07,2.1310965430732826e-05,0.0002453741617500782,3.452651289990171e-05,9.818654303671752e-05,0,0,0
J2,J2_E033_C5_YO_S1_25A35.npy,P2,9.17606654409665e-08,1.1994444167516017e-05,0.00011957930837525055,2.2589426771446585e-05,3.853444261039809e-05,0,0,0
J2,J2_E034_C5_YF_S2_5A15.npy,P1,-6.867939040760527e-08,1.020260609807834e-05,6.509185186587274e-05,2.0602633867383695e-05,3.147718944092048e-05,0,0,0
J2,J2_E034_C5_YF_S2_5A15.npy,P2,-1.6807865963457264e-07,9.488890806716975e-06,6.334023055387661e-05,1.8896228721132495e-05,2.6875742078118473e-05,0,0,0
J2,J2_E035_C5_YO_S2_25A35.npy,P1,4.043937999309526e-07,2.0578526059989507e-05,0.00024716678308323026,3.414004731894238e-05,8.693207004398445e-05,0,0,0
J2,J2_E035_C5_YO_S2_25A35.npy,P2,4.1892875375272845e-08,9.763123190382597e-06,6.282442336669192e-05,1.968379483514579e-05,2.8018969005643116e-05,0,0,0
J2,J2_E036_C5_YF_S2_5A15.npy,P1,-2.1893331539543434e-07,9.870765184744223e-06,5.89721676078625e-05,1.9855921982525603e-05,3.041912716071235e-05,0,0,0
J2,J2_E036_C5_YF_S2_5A15.npy,P2,-2.728636899664164e-07,1.0119302762952832e-05,7.66262601246126e-05,2.0022631633764822e-05,2.8794038553314735e-05,0,0,0
J2,J2_E037_C5_YO_S2_25A35.npy,P1,1.4322878659469292e-07,2.566083196770577e-05,0.0002500768459867686,5.0882262985396553e-05,0.00010452305643411776,0,0,0
J2,J2_E037_C5_YO_S2_25A35.npy,P2,6.772878237664669e-08,1.070267538758011e-05,6.332085467875004e-05,2.158427641916205e-05,3.016943583133977e-05,0,0,0
J2,J2_E038_C5_YF_S2_5A15.npy,P1,-6.838414777128318e-08,1.1856325267092638e-05,0.00013426014629658312,2.381457379669882e-05,3.521282884321406e-05,0,0,0
J2,J2_E038_C5_YF_S2_5A15.npy,P2,-2.902390617558452e-07,1.152329023699652e-05,8.802011871011928e-05,2.2963409537624082e-05,3.4710600921243854e-05,0,0,0
J2,J2_E039_C5_YO_S2_25A35.npy,P1,2.5364285776784476e-07,2.65706091513749e-05,0.0002630592498462647,4.7556714343954753e-05,0.00011975990200880881,0,0,0
J2,J2_E039_C5_YO_S2_25A35.npy,P2,8.426188637583784e-08,1.1108727301765987e-05,0.00010871073027374223,2.173110979128978e-05,3.162421107845147e-05,0,0,0
J2,J2_E040_C2_YO_S7_5A15.npy,P1,-1.0953847081497518e-07,2.0776824019472416e-05,0.000283822970231995,3.2834928242664277e-05,9.047390238265487e-05,0,0,0
J2,J2_E040_C2_YO_S7_5A15.npy,P2,-2.1471898209312753e-08,1.1395822914485478e-05,9.582431812305003e-05,2.2447533592639953e-05,3.5470623515720925e-05,0,0,0
J2,J2_E041_C2_YO_S7_25A35.npy,P1,5.88202833283672e-07,2.9315955595616064e-05,0.00028315462986938655,5.655896748066871e-05,0.00013894580901251152,0,0,0
J2,J2_E041_C2_YO_S7_25A35.npy,P2,-6.827672472350558e-09,1.1112868508454667e-05,7.555716729257256e-05,2.2231920138437995e-05,3.2237131526926486e-05,0,0,0
J2,J2_E042_C1_YF_S6_5A15.npy,P1,-9.049263487444261e-08,2.5404444896621167e-05,0.00027933079400099814,4.933857471769439e-05,0.00010355170932598373,0,0,0
J2,J2_E042_C1_YF_S6_5A15.npy,P2,2.397780847554526e-07,8.805433604057271e-06,7.332068344112486e-05,1.748120121192185e-05,2.5587545005691843e-05,0,0,0
J2,J2_E043_C1_YF_S6_25A35.npy,P1,3.226084900801934e-07,2.0380842741960527e-05,0.00025522647774778306,3.417848220124142e-05,8.925498623284479e-05,0,0,0
J2,J2_E043_C1_YF_S6_25A35.npy,P2,1.0936834328651759e-08,1.1328175980595741e-05,0.00010439839388709515,2.1802085393574077e-05,3.8118588126963e-05,0,0,0
J4,J4_E000_C1_YF_S6_5A15.npy,P1,1.5885104355230296e-07,1.5012263580611858e-05,0.00016913174476940185,2.8393586853781005e-05,5.30584047010052e-05,0,0,0
J4,J4_E000_C1_YF_S6_5A15.npy,P2,2.5358890009948446e-07,2.1592536239494916e-05,0.00022152643941808492,4.17217028370942e-05,8.168430038494965e-05,0,0,0
J4,J4_E001_C1_YF_S6_25A35.npy,P1,5.134145067027825e-07,1.2506987342538017e-05,0.00016402514302171767,2.2094359883340074e-05,3.958454275561937e-05,0,0,0
J4,J4_E001_C1_YF_S6_25A35.npy,P2,1.0714474558581535e-06,2.3815726858582442e-05,0.0002650443057063967,4.503873860812737e-05,9.169295713945755e-05,0,0,0
J4,J4_E002_C2_YO_S7_5A15.npy,P1,9.80799407649291e-07,1.7359367744076118e-05,0.00022370043734554201,3.259643890487494e-05,5.718272412195787e-05,0,0,0
J4,J4_E002_C2_YO_S7_5A15.npy,P2,-4.3661653193396253e-07,1.723435465225947e-05,0.00018615035514812917,3.2471286249347e-05,6.121832200733396e-05,0,0,0
J4,J4_E003_C2_YO_S7_25A35.npy,P1,-3.9420765073905306e-07,1.4386954322019076e-05,0.0001539648656034842,2.6023819191323125e-05,4.2214287968818014e-05,0,0,0
J4,J4_E003_C2_YO_S7_25A35.npy,P2,-5.721153497326471e-07,1.6489205199613253e-05,0.000257003033766523,2.9869535774196254e-05,6.0888530424562444e-05,0,0,0
J4,J4_E004_C5_YF_S1_5A15.npy,P1,7.778464838336367e-08,1.061795775930597e-05,5.815181430079974e-05,2.1471294985531127e-05,3.111276688287034e-05,0,0,0
J4,J4_E004_C5_YF_S1_5A15.npy,P2,1.6431996147537397e-07,9.299285655719253e-06,4.8578793212072924e-05,1.8356481359660382e-05,2.483401676727226e-05,0,0,0
J4,J4_E005_C5_YO_S1_25A35.npy,P1,-2.806858575415536e-07,1.2491233792542645e-05,0.00017680721066426486,2.3254923962667804e-05,4.047323865961511e-05,0,0,0
J4,J4_E005_C5_YO_S1_25A35.npy,P2,-5.879020000943488e-07,1.32498752431306e-05,0.0002054584474535659,2.079496953228954e-05,4.1904062782123044e-05,0,0,0
J4,J4_E006_C5_YF_S1_5A15.npy,P1,-6.221505959902249e-08,1.3637913853389429e-05,7.353448745561764e-05,2.7468859843793305e-05,3.795737855398305e-05,0,0,0
J4,J4_E006_C5_YF_S1_5A15.npy,P2,1.3534915183536962e-07,1.0268392279865999e-05,4.703727245214395e-05,2.0569190292007967e-05,2.9133540829206974e-05,0,0,0
J4,J4_E007_C5_YO_S1_25A35.npy,P1,3.0454984633012853e-07,1.1402276431949502e-05,0.0001590339234098792,1.9832008729281366e-05,3.2422761178167984e-05,0,0,0
J4,J4_E007_C5_YO_S1_25A35.npy,P2,-2.3192602581467403e-07,1.2436211511489519e-05,0.00020703869813587517,2.014750034504685e-05,3.606225123803562e-05,0,0,0
J4,J4_E008_C5_YF_S1_5A15.npy,P1,-1.4712924444053281e-07,1.2968266131745454e-05,9.144184878095984e-05,2.5809227372519656e-05,3.813181385339694e-05,0,0,0
J4,J4_E008_C5_YF_S1_5A15.npy,P2,2.0895796130254608e-08,1.0721147780125532e-05,5.579150456469506e-05,2.1208960879448566e-05,3.0078380987106344e-05,0,0,0
J4,J4_E009_C5_YO_S1_25A35.npy,P1,1.1125083832639166e-07,1.1672922913560875e-05,0.00019851559773087502,1.9625318327598496e-05,3.327596383314801e-05,0,0,0
J4,J4_E009_C5_YO_S1_25A35.npy,P2,1.3570750344018225e-07,1.1687848704733597e-05,0.00019844995404127985,1.8823756181518538e-05,3.3063707742257925e-05,0,0,0
J4,J4_E010_C5_YF_S2_5A15.npy,P1,2.889084036254071e-07,1.2129151810011907e-05,7.918929622974247e-05,2.4184793437598264e-05,3.5390099474170605e-05,0,0,0
J4,J4_E010_C5_YF_S2_5A15.npy,P2,-2.574435543012925e-07,1.4934626173891745e-05,0.0002559413551352918,2.7889362991118104e-05,5.175775782845431e-05,0,0,0
J4,J4_E011_C5_YO_S2_25A35.npy,P1,-2.9885401874928807e-07,1.0823461958804397e-05,0.00021506575285457075,1.9144058478559595e-05,2.852056044503104e-05,0,0,0
J4,J4_E011_C5_YO_S2_25A35.npy,P2,-5.012800393059067e-07,1.5923247114286705e-05,0.00020319540635682642,2.925043536379235e-05,5.155142382136542e-05,0,0,0
J4,J4_E012_C5_YF_S2_5A15.npy,P1,-2.5957139005105354e-07,1.2676395914733993e-05,8.301311027025804e-05,2.4952652802312506e-05,3.881360516970743e-05,0,0,0
J4,J4_E012_C5_YF_S2_5A15.npy,P2,-9.269819308919696e-08,1.1380724054186412e-05,7.371738320216537e-05,2.2676517255604262e-05,3.382334529305792e-05,0,0,0
J4,J4_E013_C5_YO_S2_25A35.npy,P1,-5.3241816482764564e-08,1.0731941242593201e-05,0.00018236407777294517,1.9116837302135535e-05,2.8848640431533518e-05,0,0,0
J4,J4_E013_C5_YO_S2_25A35.npy,P2,-3.272444279864888e-08,1.6996194603364017e-05,0.00020422437228262424,2.9333858947211404e-05,6.518645684991492e-05,0,0,0
J4,J4_E014_C5_YF_S2_5A15.npy,P1,-1.8137905923877168e-07,1.629120502873724e-05,8.03110669949092e-05,3.307688748463986e-05,4.586359598761186e-05,0,0,0
J4,J4_E014_C5_YF_S2_5A15.npy,P2,2.8248541291801417e-07,9.838006205005215e-06,7.130206358851865e-05,1.9636455726868003e-05,2.8654478392127192e-05,0,0,0
J4,J4_E015_C5_YO_S2_25A35.npy,P1,1.6232941870071412e-07,9.385299801864973e-06,0.00013039563782513142,1.7340555950795525e-05,2.3699027715338106e-05,0,0,0
J4,J4_E015_C5_YO_S2_25A35.npy,P2,-6.562759519008916e-08,1.1095515029830535e-05,0.00016665973816998303,1.8564992114988853e-05,3.4227908909088e-05,0,0,0
J4,J4_E016_C4_YF_S12_5A15.npy,P1,-5.690535381589098e-07,8.177935173797482e-06,4.0231716411653906e-05,1.6111527111206668e-05,2.1716945266234644e-05,0,0,0
J4,J4_E016_C4_YF_S12_5A15.npy,P2,-1.250190757887266e-06,1.3067522478276781e-05,7.83948416938074e-05,2.6164203518419527e-05,3.9542417107440955e-05,0,0,0
J4,J4_E017_C4_YO_S12_25A35.npy,P1,-4.870404312588122e-07,1.1461190237903336e-05,0.00017176051915157586,2.191153498642961e-05,3.47195376525633e-05,0,0,0
J4,J4_E017_C4_YO_S12_25A35.npy,P2,-1.8880117909989018e-07,1.16503729475448e-05,0.00019474205328151584,1.7825337545218643e-05,3.9221347215061325e-05,0,0,0
J4,J4_E018_C4_YF_S12_5A15.npy,P1,3.7234137954510237e-07,1.068159235987364e-05,7.860239566070959e-05,2.1106969415995988e-05,3.3963858986680844e-05,0,0,0
J4,J4_E018_C4_YF_S12_5A15.npy,P2,-3.977402519331752e-07,1.2083049404832507e-05,7.162467954913154e-05,2.3864387640060158e-05,3.5136145888827674e-05,0,0,0
J4,J4_E019_C4_YO_S12_25A35.npy,P1,2.5631277846417063e-07,1.0908954435219348e-05,0.00021117301366757601,1.9400894325372063e-05,2.7873969502252248e-05,0,0,0
J4,J4_E019_C4_YO_S12_25A35.npy,P2,8.2595194935394e-07,1.6091895305110104e-05,0.0001857728057075292,2.7628188854578176e-05,6.687520675768587e-05,0,0,0
J4,J4_E020_C4_YF_S12_5A15.npy,P1,-8.133293176069981e-08,1.2296888482010527e-05,8.636582788312808e-05,2.4932429823820705e-05,3.970201563788558e-05,0,0,0
J4,J4_E020_C4_YF_S12_5A15.npy,P2,-1.4810675492388769e-07,1.1832094268807773e-05,8.501084084855393e-05,2.3563689774164227e-05,3.4589960960147356e-05,0,0,0
J4,J4_E021_C4_YO_S12_25A35.npy,P1,3.5063364338060276e-07,1.1634512316641524e-05,0.0002297435567015782,1.8325446944800202e-05,3.3849078245111596e-05,0,0,0
J4,J4_E021_C4_YO_S12_25A35.npy,P2,-4.0970604462011036e-07,1.4121902107164294e-05,0.0001742631138768047,2.4075736746453855e-05,4.957253782777089e-05,0,0,0
J4,J4_E022_C4_YF_S12_5A15.npy,P1,-1.626257371531085e-07,1.2716746798511113e-05,7.48283346183598e-05,2.6019303913926654e-05,3.9164535919553574e-05,0,0,0
J4,J4_E022_C4_YF_S12_5A15.npy,P2,-1.85321516057572e-07,1.0634011074170293e-05,7.541957893408835e-05,2.1117103187862068e-05,3.2051736379798944e-05,0,0,0
J4,J4_E023_C4_YO_S12_25A35.npy,P1,2.2697206208760975e-07,1.1999970455719733e-05,0.00021091720554977655,1.8503477167541847e-05,3.0408336278924196e-05,0,0,0
J4,J4_E023_C4_YO_S12_25A35.npy,P2,-4.872697869498457e-07,1.1233328873953524e-05,0.000160686468007043,1.8556328359409223e-05,3.6239990695321375e-05,0,0,0
J4,J4_E024_C4_YF_S12_5A15.npy,P1,-4.477381661185379e-07,1.036167467669278e-05,6.994571594987065e-05,2.0624188800866228e-05,2.9611317695525938e-05,0,0,0
J4,J4_E024_C4_YF_S12_5A15.npy,P2,-7.103350801725597e-07,1.7067302877494394e-05,0.000238128486671485,3.390667188796214e-05,5.581664547207753e-05,0,0,0
J4,J4_E025_C4_YO_S12_25A35.npy,P1,2.7041007039523837e-07,1.3194384936260726e-05,0.00020514900097623467,2.4902261884562904e-05,4.2520086535660005e-05,0,0,0
J4,J4_E025_C4_YO_S12_25A35.npy,P2,1.5509333647413818e-07,1.52308471491753e-05,0.00015946479106787592,2.4654616390762343e-05,6.746900791767914e-05,0,0,0
J4,J4_E026_C4_YF_S12_5A15.npy,P1,-5.50012255234689e-09,1.254633415218204e-05,0.00011661779717542231,2.516381246095988e-05,4.013229503470936e-05,0,0,0
J4,J4_E026_C4_YF_S12_5A15.npy,P2,-2.1374635429820166e-07,1.3732698376555015e-05,8.135154348565266e-05,2.7496979691932155e-05,4.318183931900417e-05,0,0,0
J4,J4_E027_C4_YO_S12_25A35.npy,P1,4.473822226698805e-08,1.12951055838046e-05,0.0001931364240590483,2.0821951147809158e-05,3.8175150439201115e-05,0,0,0
J4,J4_E027_C4_YO_S12_25A35.npy,P2,-2.884939774495399e-07,1.6225288388473778e-05,0.00018308429571334273,2.774991326077723e-05,6.498744849522992e-05,0,0,0
J4,J4_E028_C3_YF_S11_5A15.npy,P1,-6.529708745534231e-07,1.2091581091303646e-05,0.00013042590580880642,2.361974056839244e-05,3.639627284428566e-05,0,0,0
J4,J4_E028_C3_YF_S11_5A15.npy,P2,-2.7262159117387566e-07,1.1833023523045342e-05,8.303576032631099e-05,2.332376652702804e-05,3.778779846470568e-05,0,0,0
J4,J4_E029_C3_YO_S11_25A35.npy,P1,-1.489744231610523e-07,9.985862408424569e-06,0.00014490500325337052,1.7236198345926806e-05,2.6353098983236046e-05,0,0,0
J4,J4_E029_C3_YO_S11_25A35.npy,P2,-5.6489865032452095e-09,1.550288993157594e-05,0.00021130559616722167,2.3252238497661884e-05,6.300014218140794e-05,0,0,0
J4,J4_E030_C3_YF_S11_5A15.npy,P1,1.0548370843280517e-06,7.675271362740726e-05,0.0014909779420122504,3.7480922401300625e-05,0.0001951701780490085,0,0,0
J4,J4_E030_C3_YF_S11_5A15.npy,P2,-5.876179790750541e-08,1.5494087277895693e-05,0.00011199322034372017,3.126956398773471e-05,5.4103096990729637e-05,0,0,0
J4,J4_E031_C3_YO_S11_25A35.npy,P1,3.136063516606604e-07,1.0683823760693702e-05,0.0001554404734633863,1.9581780725275164e-05,2.7913261892535807e-05,0,0,0
J4,J4_E031_C3_YO_S11_25A35.npy,P2,-4.117044558296774e-07,1.323166527494246e-05,0.00019146877457387745,2.172442282244446e-05,4.635182602214603e-05,0,0,0
J4,J4_E032_C3_YF_S11_5A15.npy,P1,-5.22722261945292e-08,1.3554207004591846e-05,0.00010229895997326821,2.6744194383354607e-05,4.4052546327293366e-05,0,0,0
J4,J4_E032_C3_YF_S11_5A15.npy,P2,8.266741181456757e-09,1.1317806063597809e-05,7.211044430732727e-05,2.289333533553872e-05,3.2714276458136635e-05,0,0,0
J4,J4_E033_C3_YO_S11_25A35.npy,P1,-3.1368654639990587e-07,9.073105320967894e-06,0.00012069568037986755,1.7336788368993434e-05,2.466666808686565e-05,0,0,0
J4,J4_E033_C3_YO_S11_25A35.npy,P2,-1.0513264789681126e-06,1.4688095930301023e-05,0.00019655861251521856,2.420095215711626e-05,5.075912566098826e-05,0,0,0
J4,J4_E034_C3_YF_S11_5A15.npy,P1,2.5771306742159027e-07,1.3022062692266981e-05,8.006122516235337e-05,2.6458232787263112e-05,3.8553440172108786e-05,0,0,0
J4,J4_E034_C3_YF_S11_5A15.npy,P2,-1.2600181212135295e-07,1.6824563779982104e-05,0.0002800494257826358,3.150622051180107e-05,5.884180172870388e-05,0,0,0
J4,J4_E035_C3_YO_S11_25A35.npy,P1,-5.825805969101284e-07,1.0027587305959835e-05,0.0001609519385965541,1.8328513851884042e-05,2.4998070566652856e-05,0,0,0
J4,J4_E035_C3_YO_S11_25A35.npy,P2,-2.5472986477705367e-07,1.253841718905477e-05,0.00016676157247275114,2.144399877579415e-05,4.1597518866183216e-05,0,0,0
J4,J4_E036_C3_YF_S11_5A15.npy,P1,7.834607903106638e-08,1.219123356772793e-05,7.679007103433833e-05,2.4354917059099494e-05,3.736625520105003e-05,0,0,0
J4,J4_E036_C3_YF_S11_5A15.npy,P2,1.0895668657162255e-06,1.2714846007998678e-05,7.477596955141053e-05,2.5288153028668593e-05,3.761972082429563e-05,0,0,0
J4,J4_E037_C3_YO_S11_25A35.npy,P1,-1.8734966759774229e-07,1.0975087276621649e-05,0.00014714879216626287,2.0408757609402525e-05,2.9455844978656308e-05,0,0,0
J4,J4_E037_C3_YO_S11_25A35.npy,P2,-3.519082389718018e-07,1.8098265087248822e-05,0.00019116340263281018,3.399993820494265e-05,6.702556944219366e-05,0,0,0
J4,J4_E038_C3_YF_S11_5A15.npy,P1,5.825925848827182e-07,1.3041983035465625e-05,7.544211257481948e-05,2.6098433227161867e-05,3.8773091691837116e-05,0,0,0
J4,J4_E038_C3_YF_S11_5A15.npy,P2,-5.025862189642255e-07,1.4474836208949581e-05,9.628075349610299e-05,2.899062028518527e-05,4.67369939724446e-05,0,0,0
J4,J4_E039_C3_YO_S11_25A35.npy,P1,6.420052206583469e-08,1.0888342983178098e-05,0.00018799299141392112,1.7115012360591186e-05,2.8666091984632604e-05,0,0,0
J4,J4_E039_C3_YO_S11_25A35.npy,P2,-9.535862611415965e-07,2.1030680471582324e-05,0.00033102426095865667,3.9577300776727476e-05,8.003056362213093e-05,0,0,0
J4,J4_E040_C2_YO_S7_5A15.npy,P1,-5.5183259677288e-07,1.7050294933046624e-05,0.0002661236794665456,2.87725747512013e-05,6.451278764870945e-05,0,0,0
J4,J4_E040_C2_YO_S7_5A15.npy,P2,-2.4029201493533452e-08,1.71385250741482e-05,0.0002169809740735218,3.382709019206229e-05,6.907154922373588e-05,0,0,0
J4,J4_E041_C2_YO_S7_25A35.npy,P1,-1.3189450459182412e-07,1.2545415931906654e-05,0.00013922459038440138,2.4810520608298243e-05,3.821108610281948e-05,0,0,0
J4,J4_E041_C2_YO_S7_25A35.npy,P2,-6.326885080541721e-08,1.3050752868302703e-05,0.00022800012084189802,2.2951978553464856e-05,4.4707505221594795e-05,0,0,0
J4,J4_E042_C1_YF_S6_5A15.npy,P1,-4.226893758387426e-07,1.2013575323665195e-05,0.0001852673594839871,2.146761553376563e-05,3.6422332268557454e-05,0,0,0
J4,J4_E042_C1_YF_S6_5A15.npy,P2,5.892413848876418e-07,2.5317916085076075e-05,0.00026117576635442674,4.977155203960137e-05,9.250012837583176e-05,0,0,0
J4,J4_E043_C1_YF_S6_25A35.npy,P1,1.523764562051696e-07,1.0538171151392134e-05,0.0001314266410190612,1.976631447178078e-05,2.9233083969302156e-05,0,0,0
J4,J4_E043_C1_YF_S6_25A35.npy,P2,-2.348872567562572e-07,1.1286814033466116e-05,0.0002078546822303906,1.6719262202968817e-05,3.188141636201168e-05,0,0,0
J5,J5_E000_C1_YF_S6_5A15.npy,P1,-2.3414229780184538e-07,1.126874783966699e-05,0.0001582193945068866,1.836590272432659e-05,4.009855161712038e-05,0,0,0
J5,J5_E000_C1_YF_S6_5A15.npy,P2,9.746244411001256e-08,1.0200592560263804e-05,0.00014310129336081445,1.762350411809165e-05,3.661043770989625e-05,0,0,0
J5,J5_E001_C1_YF_S6_25A35.npy,P1,1.121561927316748e-07,1.3421197862357694e-05,0.0001418400788679719,2.29658882744843e-05,5.355747231078552e-05,0,0,0
J5,J5_E001_C1_YF_S6_25A35.npy,P2,2.9204468575830393e-07,6.864787321300145e-06,0.0001094929757528007,1.250453778993686e-05,1.904983910208083e-05,0,0,0
J5,J5_E002_C2_YO_S7_5A15.npy,P1,2.2778679995451964e-07,1.3118972961598015e-05,0.00018346788419876248,2.1300983826222342e-05,4.742933961096978e-05,0,0,0
J5,J5_E002_C2_YO_S7_5A15.npy,P2,-3.9030488235769627e-07,9.435012057672698e-06,9.437759581487626e-05,1.7547420975461132e-05,2.8484904414654005e-05,0,0,0
J5,J5_E003_C2_YO_S7_25A35.npy,P1,-1.4252209578987364e-07,1.3902346061724302e-05,0.00019994856847915798,2.1019153246015744e-05,5.3277981278369716e-05,0,0,0
J5,J5_E003_C2_YO_S7_25A35.npy,P2,4.286355278422195e-07,9.621242585671599e-06,0.00010498571646166965,1.76599338374217e-05,2.9414140353765014e-05,0,0,0
J5,J5_E004_C4_YF_S12_5A15.npy,P1,2.8964397089188134e-08,6.90878242971173e-06,3.1367457268061116e-05,1.355926769974758e-05,1.8215284198959123e-05,0,0,0
J5,J5_E004_C4_YF_S12_5A15.npy,P2,-7.433821379956942e-08,1.2482578642813332e-05,9.436098480364308e-05,2.473932208886253e-05,3.6760830917046344e-05,0,0,0
J5,J5_E005_C4_YO_S12_25A35.npy,P1,-5.1189569197126334e-08,9.432899796653536e-06,0.00014603190356865525,1.612920550542185e-05,2.521355669159663e-05,0,0,0
J5,J5_E005_C4_YO_S12_25A35.npy,P2,1.595502998866415e-07,1.3895068180326758e-05,0.00016593303007539362,2.8105535238864805e-05,4.5370344050752366e-05,0,0,0
J5,J5_E006_C4_YF_S12_5A15.npy,P1,-1.0782986709928339e-07,2.1519363534665192e-05,0.00018954943516291678,4.521420542005216e-05,7.944182318169623e-05,0,0,0
J5,J5_E006_C4_YF_S12_5A15.npy,P2,1.8952858198096984e-07,1.2552980766519228e-05,0.0001442719076294452,2.50132461587782e-05,3.6047346038685535e-05,0,0,0
J5,J5_E007_C4_YO_S12_25A35.npy,P1,-1.191498157782241e-07,1.1161157731677815e-05,0.00014592651859857142,2.0706455416075183e-05,3.608864790294313e-05,0,0,0
J5,J5_E007_C4_YO_S12_25A35.npy,P2,-2.275543410486824e-07,1.0834178300226824e-05,0.00011388030543457717,2.0759524522873102e-05,3.228377023333442e-05,0,0,0
J5,J5_E008_C4_YF_S12_5A15.npy,P1,8.02628691240195e-08,9.466076333710524e-06,6.763859710190445e-05,1.900581264635548e-05,2.7183890870219314e-05,0,0,0
J5,J5_E008_C4_YF_S12_5A15.npy,P2,4.091170323795665e-09,1.3918271002663735e-05,0.0001407621311955154,2.7614696773525792e-05,3.9207490881381054e-05,0,0,0
J5,J5_E009_C4_YO_S12_25A35.npy,P1,-1.8293059017114844e-07,1.150768166580269e-05,0.00016103938105516136,1.9334125499881332e-05,3.6578352628566695e-05,0,0,0
J5,J5_E009_C4_YO_S12_25A35.npy,P2,1.1672504785685238e-09,9.218931442110326e-06,9.873391536530107e-05,1.7724838835420082e-05,2.7438808428996568e-05,0,0,0
J5,J5_E010_C4_YF_S12_5A15.npy,P1,2.91639303766009e-09,8.186162421037123e-06,7.331532833632082e-05,1.583371476954198e-05,2.4299887973029385e-05,0,0,0
J5,J5_E010_C4_YF_S12_5A15.npy,P2,2.3084225522916532e-07,1.2704301764079154e-05,8.569882629672065e-05,2.552024116084794e-05,3.515727039484768e-05,0,0,0
J5,J5_E011_C4_YO_S12_25A35.npy,P1,-1.2373085246002254e-07,9.088931999865565e-06,0.0001660204870859161,1.5045971031213371e-05,2.5976942306442395e-05,0,0,0
J5,J5_E011_C4_YO_S12_25A35.npy,P2,9.231546685222799e-08,1.0119226552471547e-05,7.211596675915644e-05,2.0134150054218468e-05,2.899510525821823e-05,0,0,0
J5,J5_E012_C4_YF_S12_5A15.npy,P1,-2.2392742901915803e-08,1.0930849401618755e-05,7.408564124489203e-05,2.2088747573434376e-05,3.2134787870745554e-05,0,0,0
J5,J5_E012_C4_YF_S12_5A15.npy,P2,3.182101515032564e-08,1.340480470820736e-05,0.00018388194439467043,2.6029073978861554e-05,3.815471329289721e-05,0,0,0
J5,J5_E013_C4_YO_S12_25A35.npy,P1,3.2383373074310464e-07,8.866553984316663e-06,0.0001361703034490347,1.4727730422237071e-05,2.6773655663418875e-05,0,0,0
J5,J5_E013_C4_YO_S12_25A35.npy,P2,-1.1744461474517285e-07,1.0196309226172302e-05,0.00016307357873301953,1.872594075393861e-05,3.1127695692702965e-05,0,0,0
J5,J5_E014_C4_YF_S12_5A15.npy,P1,1.1921075794608317e-07,1.1311435603265492e-05,9.500789747107774e-05,2.273544287163531e-05,3.27868464955827e-05,0,0,0
J5,J5_E014_C4_YF_S12_5A15.npy,P2,3.0187037866490523e-07,1.3909328582712722e-05,0.00010316428233636543,2.7508603307069265e-05,3.9094262101571006e-05,0,0,0
J5,J5_E015_C4_YO_S12_25A35.npy,P1,-3.728365504558595e-08,8.800139408059314e-06,0.0001552219910081476,1.4722282458023976e-05,2.4245113090728408e-05,0,0,0
J5,J5_E015_C4_YO_S12_25A35.npy,P2,1.7459274035998913e-08,8.908937333984657e-06,8.41350993141532e-05,1.7248597578145558e-05,2.4830304428178214e-05,0,0,0
J5,J5_E016_C3_YF_S11_5A15.npy,P1,8.598723534967454e-08,8.369437801953145e-06,7.144414848880842e-05,1.618434052943485e-05,2.3855659474065737e-05,0,0,0
J5,J5_E016_C3_YF_S11_5A15.npy,P2,7.437618401400455e-08,1.205757590619171e-05,0.00013482900976669043,2.3925023924675763e-05,3.367245593835821e-05,0,0,0
J5,J5_E017_C3_YO_S11_25A35.npy,P1,-3.215757488772473e-07,1.0417555555435582e-05,0.00017243179900106043,1.8654021369002262e-05,3.014037707544044e-05,0,0,0
J5,J5_E017_C3_YO_S11_25A35.npy,P2,-4.0947046646867516e-07,1.0331038909262985e-05,0.000102973026514519,2.0410133038240014e-05,3.0151291630318134e-05,0,0,0
J5,J5_E018_C3_YF_S11_5A15.npy,P1,1.804413050257473e-07,9.268541882154636e-06,5.570346911554225e-05,1.8451987398293564e-05,2.7413654024712687e-05,0,0,0
J5,J5_E018_C3_YF_S11_5A15.npy,P2,-4.035394147354824e-08,1.3421286964651742e-05,0.00017968083557207137,2.662086699274366e-05,3.908985614543759e-05,0,0,0
J5,J5_E019_C3_YO_S11_25A35.npy,P1,-2.0646875406430717e-08,9.662857576126424e-06,0.00012600597983691841,1.802544147722072e-05,2.8835716075263847e-05,0,0,0
J5,J5_E019_C3_YO_S11_25A35.npy,P2,-1.7657360766696108e-07,9.20659308628655e-06,6.014749305904843e-05,1.8012128566624594e-05,2.5853681872831512e-05,0,0,0
J5,J5_E020_C3_YF_S11_5A15.npy,P1,-2.4547982031301677e-07,1.1524873469413936e-05,0.00010605164425214753,2.2992117737885555e-05,3.378229088411896e-05,0,0,0
J5,J5_E020_C3_YF_S11_5A15.npy,P2,-2.2816691152882567e-09,1.238571968557313e-05,0.00011351823195582256,2.4245450913440422e-05,3.432068850088387e-05,0,0,0
J5,J5_E021_C3_YO_S11_25A35.npy,P1,-3.504814626806353e-07,9.563240789847857e-06,0.0001127054201788269,1.825244253268465e-05,2.719361355048009e-05,0,0,0
J5,J5_E021_C3_YO_S11_25A35.npy,P2,-4.428586735640749e-07,1.2216504858918549e-05,0.00020084783318452537,2.3708439130132275e-05,3.64595197606831e-05,0,0,0
J5,J5_E022_C3_YF_S11_5A15.npy,P1,1.1779042779082016e-07,1.1203262954081236e-05,7.9500547144562e-05,2.30317615205422e-05,3.2982875600282564e-05,0,0,0
J5,J5_E022_C3_YF_S11_5A15.npy,P2,3.6588410815905004e-07,1.2732877278220067e-05,8.198370051104575e-05,2.5293240378232425e-05,3.574132857465874e-05,0,0,0
J5,J5_E023_C3_YO_S11_25A35.npy,P1,-1.3243231356718047e-08,1.009658198465376e-05,0.00014463614206761122,1.8586886744742496e-05,2.946127904579042e-05,0,0,0
J5,J5_E023_C3_YO_S11_25A35.npy,P2,4.2414570248892644e-07,8.46839143323425e-06,9.320202661911026e-05,1.6883088756003416e-05,2.35171588428783e-05,0,0,0
J5,J5_E024_C3_YF_S11_5A15.npy,P1,-2.8438520252531526e-07,1.0885157738656108e-05,7.770746742608026e-05,2.1779000053356865e-05,3.1717662459413946e-05,0,0,0
J5,J5_E024_C3_YF_S11_5A15.npy,P2,3.9857649588412553e-07,1.3065089689346542e-05,0.0002093171642627567,2.444795482006156e-05,3.684994320792606e-05,0,0,0
J5,J5_E025_C3_YO_S11_25A35.npy,P1,9.585406037588342e-08,9.098788419298414e-06,0.00012340923422016203,1.710775241008377e-05,2.7544010317797058e-05,0,0,0
J5,J5_E025_C3_YO_S11_25A35.npy,P2,-2.079617809756564e-07,9.862106151110105e-06,8.927515591494739e-05,1.8949477725982435e-05,2.8436134434741656e-05,0,0,0
J5,J5_E026_C3_YF_S11_5A15.npy,P1,2.2661354551293069e-07,6.641326778139976e-06,3.290982567705214e-05,1.314870287387748e-05,1.8080412573908624e-05,0,0,0
J5,J5_E026_C3_YF_S11_5A15.npy,P2,7.709069541872324e-08,1.1458576768547755e-05,6.653780292253941e-05,2.2979549066803876e-05,3.194828190316911e-05,0,0,0
J5,J5_E027_C3_YO_S11_25A35.npy,P1,-2.581476064277756e-07,9.471073153107239e-06,0.00013565186236519367,1.6851487907842944e-05,2.9734371637459813e-05,0,0,0
J5,J5_E027_C3_YO_S11_25A35.npy,P2,3.0989040999950913e-07,8.509747505638879e-06,9.540597966406494e-05,1.6618462177575548e-05,2.3365016986644974e-05,0,0,0
J5,J5_E028_C5_YF_S1_5A15.npy,P1,2.2508255543407999e-07,7.905976305427365e-06,7.130700396373868e-05,1.5338766570494037e-05,2.1703430720663135e-05,0,0,0
J5,J5_E028_C5_YF_S1_5A15.npy,P2,1.1250485572370024e-07,1.1939009505050032e-05,7.543306128354743e-05,2.401040583208668e-05,3.3590508828638066e-05,0,0,0
J5,J5_E029_C5_YO_S1_25A35.npy,P1,1.544256184578316e-08,1.1016746441628642e-05,0.00013140546798240393,2.070409082080003e-05,3.793844924075511e-05,0,0,0
J5,J5_E029_C5_YO_S1_25A35.npy,P2,-8.173079108419301e-07,1.3976352768917086e-05,0.00014025255222804844,2.7097369002149198e-05,4.4356352991599045e-05,0,0,0
J5,J5_E030_C5_YF_S1_5A15.npy,P1,2.803015099536753e-07,7.551806155730289e-06,4.31402659160085e-05,1.503837515883787e-05,2.0180845913273483e-05,0,0,0
J5,J5_E030_C5_YF_S1_5A15.npy,P2,1.1646825966961853e-07,1.3156753345352508e-05,0.0001274340320378542,2.583274826974956e-05,3.747317292436474e-05,0,0,0
J5,J5_E031_C5_YO_S1_25A35.npy,P1,2.826121370290752e-07,9.93493940498585e-06,0.0001293090172111988,1.831004847190342e-05,3.324572386190983e-05,0,0,0
J5,J5_E031_C5_YO_S1_25A35.npy,P2,3.182384100257661e-08,8.96892042838573e-06,8.499422256136313e-05,1.7434848450648124e-05,2.4353283661184824e-05,0,0,0
J5,J5_E032_C5_YF_S1_5A15.npy,P1,-2.158269206470849e-07,8.365855347534785e-06,5.020315438741818e-05,1.6487113680341274e-05,2.3992576079763076e-05,0,0,0
J5,J5_E032_C5_YF_S1_5A15.npy,P2,3.520014568693169e-07,1.2795385257619786e-05,0.00011120866111014038,2.5225896661140706e-05,3.6232954516890375e-05,0,0,0
J5,J5_E033_C5_YO_S1_25A35.npy,P1,-4.6327894819670127e-07,9.197320303875505e-06,0.00010059290798380971,1.761307084962026e-05,2.8900607721880077e-05,0,0,0
J5,J5_E033_C5_YO_S1_25A35.npy,P2,-4.6335453875115276e-07,9.022690922373511e-06,5.885459904675372e-05,1.7842107899923574e-05,2.403348758889478e-05,0,0,0
J5,J5_E034_C5_YF_S2_5A15.npy,P1,3.0376799796521165e-09,7.468948563954863e-06,4.358808291726746e-05,1.4861120098430543e-05,2.0190399227431026e-05,0,0,0
J5,J5_E034_C5_YF_S2_5A15.npy,P2,-4.939973296179548e-08,1.2199953787735813e-05,0.0001482373190810904,2.374220493948087e-05,3.722878671396756e-05,0,0,0
J5,J5_E035_C5_YO_S2_25A35.npy,P1,-1.2979981521324735e-07,1.0666657904615306e-05,0.00015291193267330527,1.942282060554134e-05,3.423270984058023e-05,0,0,0
J5,J5_E035_C5_YO_S2_25A35.npy,P2,-9.637451967912724e-08,9.296217352115624e-06,0.00010558228677837178,1.825862818805035e-05,2.698468993912682e-05,0,0,0
J5,J5_E036_C5_YF_S2_5A15.npy,P1,2.547077604293055e-07,8.552927954955924e-06,6.795762601541355e-05,1.6859199513419297e-05,2.447207594741475e-05,0,0,0
J5,J5_E036_C5_YF_S2_5A15.npy,P2,1.7877078652055786e-07,1.1085784298061978e-05,0.00014745189400855452,2.2015329250280033e-05,3.180653340677956e-05,0,0,0
J5,J5_E037_C5_YO_S2_25A35.npy,P1,2.737191762614124e-08,1.2745937549827305e-05,0.0001695632963674143,2.3987858912732912e-05,4.182405144092613e-05,0,0,0
J5,J5_E037_C5_YO_S2_25A35.npy,P2,1.0485604840479838e-07,9.887356267318005e-06,0.0001801850157789886,1.927692537719849e-05,2.8551759460242448e-05,0,0,0
J5,J5_E038_C5_YF_S2_5A15.npy,P1,-1.3479297140433582e-08,9.330138667455001e-06,7.276228279806674e-05,1.9089962825091787e-05,3.04539921853574e-05,0,0,0
J5,J5_E038_C5_YF_S2_5A15.npy,P2,-1.2009834778461113e-08,1.125987190683688e-05,0.00012186603271402419,2.227624700026352e-05,3.220928778318907e-05,0,0,0
J5,J5_E039_C5_YO_S2_25A35.npy,P1,-8.352215485134543e-08,9.685029679709424e-06,0.00011800566426245496,1.8230607656732898e-05,2.9578531502920662e-05,0,0,0
J5,J5_E039_C5_YO_S2_25A35.npy,P2,-1.7372459650733636e-07,8.296976905921529e-06,8.57201885082759e-05,1.5940231332933756e-05,2.214120664575602e-05,0,0,0
J5,J5_E040_C2_YO_S7_5A15.npy,P1,1.1074491509284988e-06,6.083335760146314e-05,0.0005777097539976239,6.320278589555525e-05,0.0003578138627926779,0,0,0
J5,J5_E040_C2_YO_S7_5A15.npy,P2,5.526514868160167e-07,8.89354221898407e-06,0.00010603038390399888,1.5976798113115365e-05,2.7082334472652285e-05,0,0,0
J5,J5_E041_C2_YO_S7_25A35.npy,P1,2.6366391689322544e-08,1.4548074679740328e-05,0.00016286966274492443,3.1617917557014146e-05,4.4483195451903144e-05,0,0,0
J5,J5_E041_C2_YO_S7_25A35.npy,P2,-2.1258474052467736e-07,8.181825771204354e-06,9.989014506572857e-05,1.5195856940408693e-05,2.4281282421725302e-05,0,0,0
J5,J5_E042_C1_YF_S6_5A15.npy,P1,1.0447063696922628e-07,1.4945807050725924e-05,0.0001610122708370909,2.6186526429228236e-05,5.5838920161476985e-05,0,0,0
J5,J5_E042_C1_YF_S6_5A15.npy,P2,6.208162414112146e-08,7.839824276630569e-06,8.088278991635889e-05,1.4456921462624445e-05,2.352167435674337e-05,0,0,0
J5,J5_E043_C1_YF_S6_25A35.npy,P1,4.442629928243666e-07,2.0563146818119066e-05,0.00021263898815959692,3.973790535383158e-05,8.394511496589943e-05,0,0,0
J5,J5_E043_C1_YF_S6_25A35.npy,P2,2.805993759611744e-07,7.491947386314498e-06,4.639456165023148e-05,1.5009536309662507e-05,2.0529954599624028e-05,0,0,0
J7,J7_E000_C1_YF_S6_5A15.npy,P1,6.163144564471188e-08,1.1751983828652268e-05,0.00021232158178463578,1.8145317972084735e-05,3.5549634485505444e-05,0,0,0
J7,J7_E000_C1_YF_S6_5A15.npy,P2,1.097274996669785e-06,2.297153341807192e-05,0.00023981145932339132,3.8898506682016804e-05,0.0001015291301882813,0,0,0
J7,J7_E001_C1_YF_S6_25A35.npy,P1,-2.1034728732751247e-07,9.470725156239976e-06,5.933165812166408e-05,1.876646838354645e-05,2.6950864030368382e-05,0,0,0
J7,J7_E001_C1_YF_S6_25A35.npy,P2,-3.555163040026612e-07,1.822557767871768e-05,0.00020518583187367767,2.8410802224243483e-05,7.421384951157922e-05,0,0,0
J7,J7_E002_C2_YO_S7_5A15.npy,P1,-6.328458679886806e-07,1.7059202449624617e-05,0.0002514675725251436,2.9640820139320552e-05,6.322028668364492e-05,0,0,0
J7,J7_E002_C2_YO_S7_5A15.npy,P2,-9.732774461485828e-06,3.459101037104607e-05,0.0002633468830026686,8.81300013134023e-05,0.00010924528418399807,0,0,0
J7,J7_E003_C2_YO_S7_25A35.npy,P1,-6.415932138789467e-07,1.4254565004679686e-05,0.00026933132903650403,2.377649207119247e-05,4.431586457940226e-05,0,0,0
J7,J7_E003_C2_YO_S7_25A35.npy,P2,9.198146151161352e-07,1.4580684448108866e-05,0.00019197344954591244,2.2996871030045408e-05,5.326786926161722e-05,0,0,0
J7,J7_E004_C3_YF_S11_5A15.npy,P1,-4.882326825748639e-07,7.99358080474322e-06,4.8264777433359995e-05,1.604204808245412e-05,2.3084343301888966e-05,0,0,0
J7,J7_E004_C3_YF_S11_5A15.npy,P2,-3.8766758411407755e-07,1.2064480767548529e-05,7.097162597347051e-05,2.533441374907851e-05,4.007918363640781e-05,0,0,0
J7,J7_E005_C3_YO_S11_25A35.npy,P1,4.920657400188547e-08,1.2719938140186879e-05,0.0002145787002518773,2.4256372580566665e-05,3.8461981093860216e-05,0,0,0
J7,J7_E005_C3_YO_S11_25A35.npy,P2,-2.756839217371409e-07,1.5820493721060913e-05,0.00018667432595975697,2.560849334258816e-05,7.171310564444853e-05,0,0,0
J7,J7_E006_C3_YF_S11_5A15.npy,P1,-1.3736457796622884e-07,7.719188507248197e-06,5.1704766519833356e-05,1.5485973926843143e-05,2.1463370467245068e-05,0,0,0
J7,J7_E006_C3_YF_S11_5A15.npy,P2,1.0415979222713553e-06,1.1035479025222453e-05,5.8812998759094626e-05,2.2162088134791697e-05,3.0177877579262703e-05,0,0,0
J7,J7_E007_C3_YO_S11_25A35.npy,P1,-4.1182579772436723e-07,1.4837932745702255e-05,0.0001880597264971584,3.0440430964517857e-05,4.933532414725036e-05,0,0,0
J7,J7_E007_C3_YO_S11_25A35.npy,P2,8.625978153915011e-07,1.5716442336573565e-05,0.00021380989346653223,2.390977733739414e-05,6.335631936963083e-05,0,0,0
J7,J7_E008_C3_YF_S11_5A15.npy,P1,-1.0347900272528315e-07,7.826684259924772e-06,5.328968836693093e-05,1.5395653190353186e-05,2.1983228725730423e-05,0,0,0
J7,J7_E008_C3_YF_S11_5A15.npy,P2,-6.765211511664108e-07,1.0557497689068897e-05,7.080769864842296e-05,2.023347424255916e-05,2.9213490633992448e-05,0,0,0
J7,J7_E009_C3_YO_S11_25A35.npy,P1,6.890851831269034e-08,1.2200901146443499e-05,6.74494804115966e-05,2.506022256056894e-05,3.8577046070713535e-05,0,0,0
J7,J7_E009_C3_YO_S11_25A35.npy,P2,2.777264196700019e-07,1.2070298958994846e-05,0.00016411941032856703,1.9434344176261215e-05,3.837431995634657e-05,0,0,0
J7,J7_E010_C3_YF_S11_5A15.npy,P1,-2.7139859865211643e-07,8.070650559904123e-06,7.107388228178024e-05,1.5903725306998232e-05,2.445169739075935e-05,0,0,0
J7,J7_E010_C3_YF_S11_5A15.npy,P2,1.1401325473038007e-07,1.1636962003594748e-05,7.139821536839008e-05,2.216301209045923e-05,3.601470110879738e-05,0,0,0
J7,J7_E011_C3_YO_S11_25A35.npy,P1,-3.9599491289164926e-07,1.2802093943151925e-05,0.00016218211385421455,2.5377557085448634e-05,4.0703184276935494e-05,0,0,0
J7,J7_E011_C3_YO_S11_25A35.npy,P2,-2.564033111319387e-06,1.852821703111703e-05,0.00015334796626120806,3.7991612043697295e-05,7.651520514627885e-05,0,0,0
J7,J7_E012_C3_YF_S11_5A15.npy,P1,2.4110463173548165e-07,7.967771863461496e-06,8.911991608329117e-05,1.5246859402395777e-05,2.2569696357095363e-05,0,0,0
J7,J7_E012_C3_YF_S11_5A15.npy,P2,2.2220525172200472e-07,1.0018402499136686e-05,5.646008503390476e-05,1.9407272066018774e-05,2.553629523390553e-05,0,0,0
J7,J7_E013_C3_YO_S11_25A35.npy,P1,2.8155585773482585e-07,1.4707503323995712e-05,0.00020826492982450873,2.9755719970125932e-05,4.780518123880013e-05,0,0,0
J7,J7_E013_C3_YO_S11_25A35.npy,P2,-4.750466957874498e-07,1.0918483286437348e-05,0.0001683790032984689,1.890403118522954e-05,2.9456498541549037e-05,0,0,0
J7,J7_E014_C3_YF_S11_5A15.npy,P1,1.986800875327551e-07,7.694621610672986e-06,6.216752080945298e-05,1.5123486173251858e-05,2.090466367008048e-05,0,0,0
J7,J7_E014_C3_YF_S11_5A15.npy,P2,-2.838840201252829e-07,1.1921127423333342e-05,8.070012700045481e-05,2.3201367912406534e-05,3.585548874980301e-05,0,0,0
J7,J7_E015_C3_YO_S11_25A35.npy,P1,2.985737816440012e-07,1.352559821819408e-05,0.0001747925125528127,2.698410580705966e-05,4.179446623311372e-05,0,0,0
J7,J7_E015_C3_YO_S11_25A35.npy,P2,3.7776207313706075e-07,1.2466037379013774e-05,0.00016985733236651868,2.087521934299729e-05,4.106910684640732e-05,0,0,0
J7,J7_E016_C5_YF_S1_5A15.npy,P1,-1.9703520224200817e-07,9.926189900492053e-06,0.00011218548024771735,1.882076803667587e-05,3.4090402659785445e-05,0,0,0
J7,J7_E016_C5_YF_S1_5A15.npy,P2,-4.7294077099871276e-07,1.1910126099490026e-05,7.88888573879376e-05,2.3161439912655624e-05,3.38028457917971e-05,0,0,0
J7,J7_E017_C5_YO_S1_25A35.npy,P1,7.860837877944958e-07,2.569180693912105e-05,0.0010740031721070409,2.9702165647904608e-05,6.762836543202861e-05,0,0,0
J7,J7_E017_C5_YO_S1_25A35.npy,P2,-6.149368323037532e-07,1.1523121315666571e-05,6.185938400449231e-05,2.383026148891076e-05,3.3708389200910456e-05,0,0,0
J7,J7_E018_C5_YF_S1_5A15.npy,P1,-1.0861428306302791e-05,0.010253663025006974,0.2720264494419098,2.2126531621324827e-05,0.043277329020201795,3187,0,0
J7,J7_E018_C5_YF_S1_5A15.npy,P2,3.8584642368968935e-07,1.244083211453587e-05,8.476014772895724e-05,2.433014169582747e-05,3.4243772788613555e-05,0,0,0
J7,J7_E019_C5_YO_S1_25A35.npy,P1,-1.4979895794163213e-07,1.665086188407642e-05,0.0002489997714292258,2.8370156269374896e-05,6.560346468177138e-05,0,0,0
J7,J7_E019_C5_YO_S1_25A35.npy,P2,8.394318878960032e-07,1.4600873182085777e-05,0.000145383964991197,2.8303709859756052e-05,4.55428951681824e-05,0,0,0
J7,J7_E020_C5_YF_S1_5A15.npy,P1,1.7421390643013117e-08,7.881113058578997e-06,7.694716623518616e-05,1.5918342432996725e-05,2.2474052802863294e-05,0,0,0
J7,J7_E020_C5_YF_S1_5A15.npy,P2,3.4138126789374486e-08,1.0949228518001156e-05,8.697742305230349e-05,2.0645937456720266e-05,3.520632857544107e-05,0,0,0
J7,J7_E021_C5_YO_S1_25A35.npy,P1,-2.7112023701467804e-07,2.1078295409579547e-05,0.0002776595065370202,3.725369952007895e-05,9.300767647800943e-05,0,0,0
J7,J7_E021_C5_YO_S1_25A35.npy,P2,-7.304446397745317e-07,1.141874979943445e-05,6.0704998759320006e-05,2.27656517381547e-05,3.333761069370664e-05,0,0,0
J7,J7_E022_C5_YF_S2_5A15.npy,P1,-3.429176734932782e-08,1.649379316821361e-05,0.00014738734171260148,3.416062554606466e-05,5.717865380574942e-05,0,0,0
J7,J7_E022_C5_YF_S2_5A15.npy,P2,-2.8987856111201436e-07,1.5525549035443412e-05,0.00020009858417324722,2.8678594480879832e-05,5.6514232164772577e-05,0,0,0
J7,J7_E023_C5_YO_S2_25A35.npy,P1,-5.51699978690114e-07,1.4936424616910562e-05,0.00015619782789144665,2.9590060876216733e-05,5.088420792162644e-05,0,0,0
J7,J7_E023_C5_YO_S2_25A35.npy,P2,4.236063286362243e-07,1.4574404361765042e-05,0.0001693316298769787,2.6024903127108668e-05,5.15256916696671e-05,0,0,0
J7,J7_E024_C5_YF_S2_5A15.npy,P1,6.620907858566588e-08,8.040776885306555e-06,4.569338489091024e-05,1.576749582454795e-05,2.2711725141562004e-05,0,0,0
J7,J7_E024_C5_YF_S2_5A15.npy,P2,1.3382530252539848e-07,9.83356387013741e-06,8.036431245272979e-05,1.924565203808015e-05,2.7586608248384415e-05,0,0,0
J7,J7_E025_C5_YO_S2_25A35.npy,P1,-5.927140408726632e-07,1.1712562359371209e-05,7.107543933670968e-05,2.3365246397588633e-05,3.775032291741804e-05,0,0,0
J7,J7_E025_C5_YO_S2_25A35.npy,P2,8.771472240047845e-07,1.3664070703418206e-05,0.00019978953059762716,2.3475320904253733e-05,4.961629045283173e-05,0,0,0
J7,J7_E026_C5_YF_S2_5A15.npy,P1,-7.688461729137677e-08,7.545098579918761e-06,4.078538768226281e-05,1.4941209201424497e-05,2.0872201330348605e-05,0,0,0
J7,J7_E026_C5_YF_S2_5A15.npy,P2,-3.545756425115468e-07,1.0680246330740468e-05,5.222850450081751e-05,2.1262152949930167e-05,2.9630966782860855e-05,0,0,0
J7,J7_E027_C5_YO_S2_25A35.npy,P1,3.9498594858328667e-07,1.043403655635099e-05,9.115417196881026e-05,2.1502299023268276e-05,3.286959825345546e-05,0,0,0
J7,J7_E027_C5_YO_S2_25A35.npy,P2,3.2708856940423096e-07,1.3131282826455578e-05,0.00017513654893264174,1.8700035070651174e-05,4.939977530739265e-05,0,0,0
J7,J7_E028_C4_YF_S12_5A15.npy,P1,-1.2036563656702096e-07,7.171013209362227e-06,3.865574763040058e-05,1.4368776010087449e-05,2.040946141278251e-05,0,0,0
J7,J7_E028_C4_YF_S12_5A15.npy,P2,-5.847835462694946e-07,1.1657268673723217e-05,7.008468674030155e-05,2.3002581110631553e-05,3.442970359174062e-05,0,0,0
J7,J7_E029_C4_YO_S12_25A35.npy,P1,-1.0020693801188527e-07,1.4157303689325539e-05,0.0002580460859462619,2.218311883552814e-05,4.69112059363393e-05,0,0,0
J7,J7_E029_C4_YO_S12_25A35.npy,P2,3.1609515665417523e-07,9.179253524349732e-06,7.157460640883073e-05,1.8049464870273365e-05,2.363920950301682e-05,0,0,0
J7,J7_E030_C4_YF_S12_5A15.npy,P1,-3.798330912333346e-07,8.493801963111563e-06,5.6872639106586576e-05,1.6822374254843434e-05,2.6784945257531895e-05,0,0,0
J7,J7_E030_C4_YF_S12_5A15.npy,P2,-2.0709895658633764e-07,1.2017429344749229e-05,0.0001533482427475974,2.3250841877597843e-05,3.5206917382310994e-05,0,0,0
J7,J7_E031_C4_YO_S12_25A35.npy,P1,1.356496047386455e-07,7.185381427367487e-05,0.0015307989669963717,3.5793869028566394e-05,0.00015397331007988927,0,0,0
J7,J7_E031_C4_YO_S12_25A35.npy,P2,4.2811380743689333e-07,9.153420533014194e-06,4.3950622057309374e-05,1.8169195300288266e-05,2.503337333109811e-05,0,0,0
J7,J7_E032_C4_YF_S12_5A15.npy,P1,1.9660012201640636e-08,8.066259043530831e-06,5.557011172641069e-05,1.6027442507038354e-05,2.4406784159509668e-05,0,0,0
J7,J7_E032_C4_YF_S12_5A15.npy,P2,-7.434789382451397e-07,1.4142370084804127e-05,7.513912714784965e-05,2.8104641114623504e-05,4.132834164920488e-05,0,0,0
J7,J7_E033_C4_YO_S12_25A35.npy,P1,9.991305901324153e-08,8.975071388998206e-06,0.0001982659741770476,1.5436014291481087e-05,2.445115047521537e-05,0,0,0
J7,J7_E033_C4_YO_S12_25A35.npy,P2,-3.113657096677572e-07,8.580990544803745e-06,3.9934842789079994e-05,1.7075746018235795e-05,2.199486800236626e-05,0,0,0
J7,J7_E034_C4_YF_S12_5A15.npy,P1,9.44394288605805e-06,0.00024060365100221566,0.006314040161669254,2.429513588140253e-05,0.0006324671575566749,0,0,0
J7,J7_E034_C4_YF_S12_5A15.npy,P2,-5.131016748441336e-07,1.1319147789716979e-05,7.184808782767504e-05,2.2668602105113662e-05,3.435121612710643e-05,0,0,0
J7,J7_E035_C4_YO_S12_25A35.npy,P1,2.787854999624862e-07,0.0002873754401494402,0.008079725317656994,2.7224248788115792e-05,0.0008311465143924503,0,0,0
J7,J7_E035_C4_YO_S12_25A35.npy,P2,7.875424589441185e-07,1.2990693940305974e-05,0.00020754341676365584,2.2554973384103505e-05,3.41267913609042e-05,0,0,0
J7,J7_E036_C4_YF_S12_5A15.npy,P1,-2.7143795574808123e-07,8.106045299287235e-05,0.004113076254725456,2.0295944705139835e-05,0.0002682719239965073,0,0,0
J7,J7_E036_C4_YF_S12_5A15.npy,P2,5.689668895218942e-07,1.3746530246222176e-05,0.0001156742000603117,2.6084038745466382e-05,4.888653151283484e-05,0,0,0
J7,J7_E037_C4_YO_S12_25A35.npy,P1,7.999805139292747e-07,0.00023932934592637214,0.0057483152486383915,2.792161840261542e-05,0.00014303332238341625,0,0,0
J7,J7_E037_C4_YO_S12_25A35.npy,P2,-1.126950854522606e-07,1.0912255011738075e-05,5.306489038048312e-05,2.1587033825198883e-05,2.9357354578678492e-05,0,0,0
J7,J7_E038_C4_YF_S12_5A15.npy,P1,1.9113386441145232e-07,9.300290611639737e-06,0.00016427638183813542,1.8485538112145134e-05,2.669514595254437e-05,0,0,0
J7,J7_E038_C4_YF_S12_5A15.npy,P2,2.434205791645285e-07,1.254642801060105e-05,7.312651723623276e-05,2.532106882426885e-05,3.555322215106559e-05,0,0,0
J7,J7_E039_C4_YO_S12_25A35.npy,P1,-4.333080142471541e-07,1.2485039159203242e-05,0.00023427166161127388,1.9860022439388553e-05,4.284279391868026e-05,0,0,0
J7,J7_E039_C4_YO_S12_25A35.npy,P2,1.5999237965439414e-07,1.080495428282321e-05,0.0001580226671649143,1.97327576643147e-05,2.940062753623339e-05,0,0,0
J7,J7_E040_C2_YO_S7_5A15.npy,P1,-5.526895349412056e-06,0.00012470469786617457,0.0040285480208694935,3.547743399394669e-05,0.00011693409345753017,0,0,0
J7,J7_E040_C2_YO_S7_5A15.npy,P2,-2.809871645715133e-07,2.334250814794943e-05,0.00027489999774843454,4.220593855279729e-05,9.403465643117634e-05,0,0,0
J7,J7_E041_C2_YO_S7_25A35.npy,P1,-6.255346313890237e-07,2.0932779819835095e-05,0.0007586852880194783,1.822422882469254e-05,4.5757231200695086e-05,0,0,0
J7,J7_E041_C2_YO_S7_25A35.npy,P2,-2.990350938357732e-07,1.426329710026606e-05,0.00022752098448108882,2.1957956505502804e-05,5.206567599088883e-05,0,0,0
J7,J7_E042_C1_YF_S6_5A15.npy,P1,-2.846232613621378e-07,1.2049794830945045e-05,0.00010415344877401367,2.5303100755991147e-05,4.137193907808974e-05,0,0,0
J7,J7_E042_C1_YF_S6_5A15.npy,P2,-1.0575294612133876e-07,1.5145224004409998e-05,0.00021926935005467385,2.20208273276512e-05,6.266361597226878e-05,0,0,0
J7,J7_E043_C1_YF_S6_25A35.npy,P1,-1.7905068275201347e-07,1.2447006118240307e-05,0.0003956528380513191,2.1981104691803917e-05,4.340018298535139e-05,0,0,0
J7,J7_E043_C1_YF_S6_25A35.npy,P2,-4.966219381114746e-07,1.795220532011769e-05,0.00018447221373207867,3.30703138388344e-05,7.289579283678854e-05,0,0,0
J8,J8_E000_C1_YF_S6_5A15.npy,P1,1.3233868968430404e-07,9.977900168788482e-06,0.00010589292651275173,1.7881182247947423e-05,2.8198442505527016e-05,0,0,0
J8,J8_E000_C1_YF_S6_5A15.npy,P2,9.091972840432531e-07,2.0199011974171537e-05,0.0003049583174288273,2.591166403362876e-05,8.53686218033544e-05,0,0,0
J8,J8_E001_C1_YF_S6_25A35.npy,P1,-9.290019419432507e-07,1.4218710386226679e-05,0.00017749532707966864,2.27025433559902e-05,5.310362899763271e-05,0,0,0
J8,J8_E001_C1_YF_S6_25A35.npy,P2,-1.0976986288191988e-07,1.2610086110397453e-05,0.0002111468493239954,2.2170769625517975e-05,3.914759341569145e-05,0,0,0
J8,J8_E002_C2_YO_S7_5A15.npy,P1,-2.4429947279517746e-07,4.311057568978442e-05,0.0012125655775889754,7.372143045358824e-05,0.00013723194817430323,0,0,0
J8,J8_E002_C2_YO_S7_5A15.npy,P2,8.30076731478651e-07,4.4880608472644934e-05,0.0007388229132629931,6.694693111057859e-05,0.00016250507673248348,0,0,0
J8,J8_E003_C2_YO_S7_25A35.npy,P1,-6.679554686218931e-06,0.0001590970846228163,0.001230493187904358,0.0003522359911585223,0.0006611695612082248,0,0,0
J8,J8_E003_C2_YO_S7_25A35.npy,P2,3.429298572237851e-07,1.8051946435630334e-05,0.0002533883380237967,3.077168912568589e-05,6.411362708604393e-05,0,0,0
J8,J8_E004_C4_YF_S12_5A15.npy,P1,3.858035229717391e-08,1.4894049329687499e-05,0.0001555598428240046,2.7662902539304916e-05,4.724174006696522e-05,0,0,0
J8,J8_E004_C4_YF_S12_5A15.npy,P2,-3.9826292918426247e-08,1.4914349557738576e-05,0.00012211372086312622,2.7665541438182107e-05,5.599625990726046e-05,0,0,0
J8,J8_E005_C4_YO_S12_25A35.npy,P1,1.0009478776534068e-08,1.0751265869956096e-05,0.00015632905706297606,1.853504118116688e-05,3.297045943327238e-05,0,0,0
J8,J8_E005_C4_YO_S12_25A35.npy,P2,-6.942234837584714e-07,1.5377639631516076e-05,0.0002020713873207569,2.8478980584623057e-05,5.013493719161485e-05,0,0,0
J8,J8_E006_C4_YF_S12_5A15.npy,P1,-2.0911223686222515e-07,1.0781482510157149e-05,9.327926818514243e-05,2.068154317385051e-05,3.2809527365315985e-05,0,0,0
J8,J8_E006_C4_YF_S12_5A15.npy,P2,-1.2015756129978572e-06,1.2277170187811917e-05,0.00010525368998060003,2.4067796221061138e-05,4.083360581716975e-05,0,0,0
J8,J8_E007_C4_YO_S12_25A35.npy,P1,-2.0771086169516593e-08,1.0205060472284222e-05,0.0001528003776911646,1.8206565891887293e-05,2.8827419118897445e-05,0,0,0
J8,J8_E007_C4_YO_S12_25A35.npy,P2,1.901023149364906e-07,2.0481123407058622e-05,0.00024261417274829,3.9044557161105326e-05,7.254156873386811e-05,0,0,0
J8,J8_E008_C4_YF_S12_5A15.npy,P1,1.3417724851629527e-07,1.3470880441359276e-05,0.00013843688066117465,2.5154676586680572e-05,4.067488382133882e-05,0,0,0
J8,J8_E008_C4_YF_S12_5A15.npy,P2,-1.6230079631740633e-06,2.2580680180250093e-05,0.00029603997245430946,4.779397113452433e-05,7.51311521889874e-05,0,0,0
J8,J8_E009_C4_YO_S12_25A35.npy,P1,1.5416241833066005e-07,1.146306072436832e-05,0.00014440013910643756,2.0627556204999563e-05,3.503123265545578e-05,0,0,0
J8,J8_E009_C4_YO_S12_25A35.npy,P2,9.527287634018248e-08,1.5017106356198354e-05,0.0002263259084429592,2.577551194917758e-05,4.896956172160565e-05,0,0,0
J8,J8_E010_C4_YF_S12_5A15.npy,P1,-2.8809885130846516e-07,9.866802535714653e-06,5.41017361683771e-05,1.997250747081124e-05,2.83686149123241e-05,0,0,0
J8,J8_E010_C4_YF_S12_5A15.npy,P2,6.938947559257218e-08,1.5122060951965233e-05,0.00012251768202986568,3.081538943661144e-05,5.3598248923662984e-05,0,0,0
J8,J8_E011_C4_YO_S12_25A35.npy,P1,-1.4114414135102357e-07,1.1317659881300383e-05,0.00016838847659528255,1.988921767406281e-05,3.136044841085093e-05,0,0,0
J8,J8_E011_C4_YO_S12_25A35.npy,P2,2.4352849486692096e-07,2.0836666807546406e-05,0.0002856783685274422,3.3823141166067196e-05,6.757211689546207e-05,0,0,0
J8,J8_E012_C4_YF_S12_5A15.npy,P1,-9.152628215102793e-07,1.1705758158274383e-05,6.346940790535882e-05,2.3464698369934908e-05,3.541842896083832e-05,0,0,0
J8,J8_E012_C4_YF_S12_5A15.npy,P2,-4.6964729980158494e-07,1.4358273100019867e-05,0.00010080376523546875,2.884911136789013e-05,5.01284235360798e-05,0,0,0
J8,J8_E013_C4_YO_S12_25A35.npy,P1,-2.546872191970409e-07,1.3741077495402046e-05,0.0002385117841186002,1.7163741267722796e-05,5.2875222827424106e-05,0,0,0
J8,J8_E013_C4_YO_S12_25A35.npy,P2,-6.582879605915325e-07,1.504624582873898e-05,0.0002000583044718951,2.7994100673822685e-05,4.6178479788068207e-05,0,0,0
J8,J8_E014_C5_YF_S1_5A15.npy,P1,2.3693158560171637e-07,1.4414003196398588e-05,0.00013176201900932938,2.8390426086843923e-05,4.9482699832879e-05,0,0,0
J8,J8_E014_C5_YF_S1_5A15.npy,P2,-1.3946405618569376e-07,1.863617642133089e-05,0.00013454828877002,3.9425290924555127e-05,6.709062174195383e-05,0,0,0
J8,J8_E015_C5_YO_S1_25A35.npy,P1,-3.8156702585369095e-07,1.2890841187842234e-05,0.00013588434376288205,2.348196730963533e-05,4.043988345074427e-05,0,0,0
J8,J8_E015_C5_YO_S1_25A35.npy,P2,3.3104653466914583e-07,1.7087774580788535e-05,0.0003029405197594315,2.7566442531679053e-05,5.583261092397027e-05,0,0,0
J8,J8_E016_C5_YF_S1_5A15.npy,P1,3.5778442565147066e-08,9.580577683781134e-06,7.80074842623435e-05,1.8563747653388417e-05,2.6887541134783503e-05,0,0,0
J8,J8_E016_C5_YF_S1_5A15.npy,P2,-1.4278304836861127e-07,1.6765052624836024e-05,0.00012331556354183704,3.545998461049743e-05,5.987469587125811e-05,0,0,0
J8,J8_E017_C5_YO_S1_25A35.npy,P1,-8.644278956576294e-08,1.3493359738772594e-05,0.0001851676352089271,2.3210182371258262e-05,4.5155651969252935e-05,0,0,0
J8,J8_E017_C5_YO_S1_25A35.npy,P2,1.0715165688372148e-07,1.655128054294198e-05,0.0002772902953438461,3.012462539118132e-05,4.9908222899830426e-05,0,0,0
J8,J8_E018_C5_YF_S2_5A15.npy,P1,-2.0603477684290222e-07,1.1905899866897565e-05,6.384120206348598e-05,2.393349941485212e-05,3.324460038129468e-05,0,0,0
J8,J8_E018_C5_YF_S2_5A15.npy,P2,3.2181843614566174e-08,1.8383222215415085e-05,0.00015577739395666867,3.784759919653879e-05,7.023207501333653e-05,0,0,0
J8,J8_E019_C5_YO_S2_25A35.npy,P1,1.7361626318530327e-07,1.2154144464319814e-05,0.0001648161851335317,2.033085311268223e-05,4.211345614748989e-05,0,0,0
J8,J8_E019_C5_YO_S2_25A35.npy,P2,-7.081412288001589e-07,1.810216411705657e-05,0.0002737393951974809,3.4030082679237234e-05,5.906965310714439e-05,0,0,0
J8,J8_E020_C5_YF_S2_5A15.npy,P1,-1.6981650810273033e-07,1.2011489721411185e-05,6.601578934350982e-05,2.3965933269209914e-05,3.420835339056792e-05,0,0,0
J8,J8_E020_C5_YF_S2_5A15.npy,P2,-7.782043537609015e-08,1.1852794630442318e-05,0.00015034718671813607,2.367887982472893e-05,3.7748160866612937e-05,0,0,0
J8,J8_E021_C5_YO_S2_25A35.npy,P1,6.106530615825688e-08,1.1411961518043892e-05,0.00015428966435138136,2.014354395214468e-05,3.389326921023893e-05,0,0,0
J8,J8_E021_C5_YO_S2_25A35.npy,P2,-1.0990083051690754e-07,1.4192963112793552e-05,0.00024115454289130867,2.4719413704588062e-05,4.4018643457092965e-05,0,0,0
J8,J8_E022_C3_YF_S11_5A15.npy,P1,5.558616541474401e-07,1.0829558153738518e-05,7.206942973425612e-05,2.1286068022163805e-05,2.9717619527218528e-05,0,0,0
J8,J8_E022_C3_YF_S11_5A15.npy,P2,-8.368116767779288e-08,1.6616491700665875e-05,0.00015360128600150347,3.3380316745024166e-05,6.198187526024403e-05,0,0,0
J8,J8_E023_C3_YO_S11_25A35.npy,P1,-1.3742643726424008e-05,6.929002756173769e-05,0.0007051193388178945,6.262595634325352e-05,0.0004305729921907184,0,0,0
J8,J8_E023_C3_YO_S11_25A35.npy,P2,-3.622825950402977e-07,1.2809390621583096e-05,0.000173435197211802,2.3855592007748773e-05,3.7502164341276476e-05,0,0,0
J8,J8_E024_C3_YF_S11_5A15.npy,P1,2.297221554838581e-07,1.1569594840794516e-05,0.00011267552326899022,2.2299869579001092e-05,3.354920005222083e-05,0,0,0
J8,J8_E024_C3_YF_S11_5A15.npy,P2,-8.360274085460231e-07,1.5079734011148365e-05,0.00015222383080981672,2.9563845146185486e-05,5.453582005429769e-05,0,0,0
J8,J8_E025_C3_YO_S11_25A35.npy,P1,1.8585437166139224e-07,1.1604783183380612e-05,0.00014033231127541512,2.1022472083132012e-05,3.651289924164298e-05,0,0,0
J8,J8_E025_C3_YO_S11_25A35.npy,P2,-4.1705385454927397e-07,1.6822588405094386e-05,0.00027921615401282907,2.823240647558121e-05,5.17454703367547e-05,0,0,0
J8,J8_E026_C3_YF_S11_5A15.npy,P1,-8.100691737053551e-08,1.1562266287382131e-05,9.719176159705967e-05,2.2586937029700492e-05,3.369316877069646e-05,0,0,0
J8,J8_E026_C3_YF_S11_5A15.npy,P2,-3.850937116497993e-09,1.7803992077512716e-05,0.00014710196410305798,3.6661593185272054e-05,6.68479485466374e-05,0,0,0
J8,J8_E027_C3_YO_S11_25A35.npy,P1,3.551624113357211e-07,1.1835744618819496e-05,0.0001546503190184012,2.1206141718721478e-05,3.4925867439596805e-05,0,0,0
J8,J8_E027_C3_YO_S11_25A35.npy,P2,7.501231939133784e-08,1.69331383773053e-05,0.0003116954758297652,2.6212237844447356e-05,5.412726888607704e-05,0,0,0
J8,J8_E028_C2_YO_S7_5A15.npy,P1,-1.0756372445071293e-06,1.0847345616252915e-05,0.00016635810607112944,1.8490409456717312e-05,3.0367378258233406e-05,0,0,0
J8,J8_E028_C2_YO_S7_5A15.npy,P2,-5.638581441222092e-07,1.2424501246720669e-05,0.000220625675865449,2.118590346071869e-05,3.591027809306972e-05,0,0,0
J8,J8_E029_C2_YO_S7_25A35.npy,P1,-2.574539949543412e-08,1.0356622637117675e-05,0.00012185698142275214,1.787882720236665e-05,2.8645784514082963e-05,0,0,0
J8,J8_E029_C2_YO_S7_25A35.npy,P2,2.8178515777028805e-07,1.6930710398930872e-05,0.00026219114079140127,2.858502712115294e-05,5.919034563703421e-05,0,0,0
J8,J8_E030_C1_YF_S6_5A15.npy,P1,-3.193676971091669e-07,9.718476880934595e-06,8.815241744741797e-05,1.8658708268048933e-05,2.673788532774779e-05,0,0,0
J8,J8_E030_C1_YF_S6_5A15.npy,P2,-3.6927149996633395e-07,1.523217058372003e-05,0.0002770657301880419,2.028337885349174e-05,5.307170540618177e-05,0,0,0
J8,J8_E031_C1_YF_S6_25A35.npy,P1,-9.696615227399376e-08,8.43698760474706e-06,5.454794882098213e-05,1.675466683082049e-05,2.2254240266192905e-05,0,0,0
J8,J8_E031_C1_YF_S6_25A35.npy,P2,3.9204213334485397e-07,2.387956214637166e-05,0.0002303719229530543,4.5632669389306097e-05,0.00010906093448284056,0,0,0
